uninumbr,city,state,tracts,tracts_suppressed,households,actual_deposits,predicted_deposits,performance_index,index_size_adjusted,size_quartile,cagr_3y_pct,diagnosis,market,market_branch_count,index_vs_network,catchment_partly_unmeasured,branch_relocated,county_disputed,booking_concentration
626870,Green Bay,WI,6,0,10863.0,5316000,185381367.0,0.0287,0.0371,2,85.93,"poor level, positive trajectory",24580,10,0.0688,False,False,False,False
589987,Chicago,IL,78,2,146810.0,10741000,525906878.0,0.0204,0.0491,4,-0.45,poor level AND poor trajectory,16980,17,0.0078,True,False,False,False
276672,Milwaukee,WI,37,3,34992.0,8956000,401515030.0,0.0223,0.0536,4,0.61,"poor level, positive trajectory",33340,37,0.0374,True,False,False,False
590585,Chicago,IL,111,9,110339.0,13230000,297205057.0,0.0445,0.1071,4,5.24,"poor level, positive trajectory",16980,17,0.017,True,False,False,False
582224,Milwaukee,WI,3,1,3450.0,29018000,58565914.0,0.4955,0.3126,1,,"poor level, trajectory unknown",33340,37,0.8317,True,False,False,False
285094,Wisconsin Rapids,WI,9,0,18459.0,71812000,222036093.0,0.3234,0.32,3,10.34,"poor level, positive trajectory",49220,3,0.5857,False,False,False,False
271772,Milwaukee,WI,11,0,19439.0,43012000,220189901.0,0.1953,0.3203,3,-6.19,poor level AND poor trajectory,33340,37,0.3279,False,False,False,False
41589,New London,WI,19,0,37773.0,53165000,308343734.0,0.1724,0.3437,4,-0.0,poor level AND poor trajectory,RURAL-WI,17,0.1716,False,False,False,False
272028,Hudson,WI,3,0,5899.0,118424000,215941308.0,0.5484,0.346,1,1.72,"poor level, positive trajectory",33460,4,2.0328,False,False,False,False
271771,Milwaukee,WI,33,1,36741.0,41118000,283472021.0,0.1451,0.3489,4,21.84,"poor level, positive trajectory",33340,37,0.2435,True,False,False,False
233283,Schofield,WI,6,0,11833.0,85412000,294259695.0,0.2903,0.3751,2,20.2,"poor level, positive trajectory",48140,2,0.9246,False,False,False,False
276674,Milwaukee,WI,24,1,24659.0,30922000,197444707.0,0.1566,0.3767,4,3.54,"poor level, positive trajectory",33340,37,0.2629,True,False,False,False
41820,Antigo,WI,7,0,10588.0,19236000,65474561.0,0.2938,0.3905,3,5.67,"poor level, positive trajectory",RURAL-WI,17,0.2925,False,False,False,False
272025,Middleton,WI,6,0,12869.0,73631000,232081895.0,0.3173,0.41,2,0.97,"poor level, positive trajectory",31540,14,0.4939,False,False,False,False
189651,Menomonee Falls,WI,4,0,7328.0,94061000,142915842.0,0.6582,0.4152,1,0.73,"poor level, positive trajectory",33340,37,1.1048,False,False,False,False
14091,Milwaukee,WI,18,1,19966.0,79057000,311250230.0,0.254,0.4165,3,-13.98,poor level AND poor trajectory,33340,37,0.4264,True,False,False,False
251060,Glendale,WI,9,0,13295.0,59825000,229317987.0,0.2609,0.4278,3,-1.91,poor level AND poor trajectory,33340,37,0.4379,False,False,False,False
285111,Holmen,WI,3,0,6419.0,61569000,89593921.0,0.6872,0.4336,1,3.35,"poor level, positive trajectory",29100,5,1.0397,False,False,False,False
437040,Oshkosh,WI,5,0,9272.0,52256000,153430356.0,0.3406,0.4402,2,1.78,"poor level, positive trajectory",36780,4,0.7162,False,False,False,False
570350,Milwaukee,WI,34,5,24833.0,52438000,281315959.0,0.1864,0.4483,4,-1.21,poor level AND poor trajectory,33340,37,0.3129,True,False,False,False
272739,Waunakee,WI,3,0,6924.0,85084000,117552355.0,0.7238,0.4566,1,3.81,"poor level, positive trajectory",31540,14,1.1267,False,False,False,False
224170,Pewaukee,WI,11,0,17982.0,83487000,291962015.0,0.286,0.4689,3,2.87,"poor level, positive trajectory",33340,37,0.48,False,False,False,False
437070,Madison,WI,9,0,23042.0,70407000,354777540.0,0.1985,0.4773,4,-2.77,poor level AND poor trajectory,31540,14,0.3089,False,False,False,False
248516,Oshkosh,WI,8,0,10351.0,45070000,121859879.0,0.3699,0.478,2,-12.77,poor level AND poor trajectory,36780,4,0.7777,False,False,False,False
276680,Milwaukee,WI,28,2,35083.0,70551000,352756812.0,0.2,0.481,4,-0.47,poor level AND poor trajectory,33340,37,0.3357,True,False,False,False
42492,Brookfield,WI,6,0,9649.0,75062000,196153160.0,0.3827,0.4946,2,9.5,"poor level, positive trajectory",33340,37,0.6424,False,False,False,False
249384,Sister Bay,WI,4,0,4497.0,58090000,35093978.0,1.6553,0.4963,1,0.54,adequate level and trajectory,RURAL-WI,17,1.6478,False,False,False,False
514018,Oconomowoc,WI,3,0,5305.0,89140000,108825798.0,0.8191,0.5168,1,0.61,"poor level, positive trajectory",33340,37,1.375,False,False,False,False
9520,Kiel,WI,13,0,23225.0,73933000,142889566.0,0.5174,0.5174,4,5.34,"poor level, positive trajectory",31820,2,0.3944,False,False,False,False
538295,Carpentersville,IL,10,0,23164.0,19693000,91506748.0,0.2152,0.5176,4,-1.31,poor level AND poor trajectory,16980,17,0.082,False,False,False,False
3604,Crandon,WI,5,0,4572.0,48555000,28033378.0,1.732,0.5193,1,-0.35,"adequate level, poor trajectory",RURAL-WI,17,1.7242,False,False,False,False
274936,Alton,IL,11,0,14000.0,45174000,138652144.0,0.3258,0.5342,3,0.1,"poor level, positive trajectory",41180,8,0.4943,False,False,False,False
495268,Franklin,WI,6,0,12842.0,90905000,212023758.0,0.4287,0.5541,2,6.21,"poor level, positive trajectory",33340,37,0.7197,False,False,False,False
4180,Jefferson,WI,12,0,20068.0,51940000,90808629.0,0.572,0.572,4,5.65,"poor level, positive trajectory",48020,2,0.3054,False,False,False,False
8373,Madison,WI,17,5,17779.0,117869000,335971499.0,0.3508,0.5753,3,-3.33,poor level AND poor trajectory,31540,14,0.5461,True,False,False,False
41855,Columbia,IL,3,0,5142.0,78571000,82373121.0,0.9538,0.6018,1,16.09,"poor level, positive trajectory",41180,8,1.4471,False,False,False,False
192693,Medford,WI,9,0,12680.0,39979000,87224710.0,0.4583,0.6092,3,7.39,"poor level, positive trajectory",RURAL-WI,17,0.4563,False,False,False,False
225244,Suamico,WI,2,0,4726.0,126471000,119988216.0,1.054,0.665,1,33.46,adequate level and trajectory,24580,10,2.5288,False,False,False,False
269434,Green Bay,WI,4,0,6270.0,122657000,115882800.0,1.0585,0.6678,1,-2.05,"adequate level, poor trajectory",24580,10,2.5395,False,False,False,False
269214,Park Falls,WI,5,0,5397.0,33971000,33129581.0,1.0254,0.6934,2,10.94,adequate level and trajectory,RURAL-WI,17,1.0208,False,False,False,False
279381,Roselle,IL,26,0,46629.0,50682000,175763253.0,0.2884,0.6935,4,-37.2,poor level AND poor trajectory,16980,17,0.1099,False,False,False,False
7429,Marinette,WI,6,0,9032.0,63896000,91874480.0,0.6955,0.6955,2,5.41,"poor level, positive trajectory",31940,3,1.0826,False,False,False,False
557731,Beloit,WI,13,0,18685.0,82408000,194129367.0,0.4245,0.6961,3,1.5,"poor level, positive trajectory",27500,2,0.6788,False,False,False,False
226862,Eagle River,WI,6,0,6950.0,51929000,49023299.0,1.0593,0.7163,2,2.99,adequate level and trajectory,RURAL-WI,17,1.0545,False,False,False,False
453679,Lake Geneva,WI,12,0,17721.0,67914000,93122566.0,0.7293,0.7216,3,10.5,"poor level, positive trajectory",48580,3,0.4402,False,False,False,False
433893,Rockford,IL,8,0,9658.0,32075000,57407222.0,0.5587,0.7221,2,9.79,"poor level, positive trajectory",40420,5,0.7,False,False,False,False
12183,Glenview,IL,34,0,60518.0,87309000,290685919.0,0.3004,0.7224,4,-0.33,poor level AND poor trajectory,16980,17,0.1144,False,False,False,False
278720,Mequon,WI,5,0,9021.0,117740000,209272083.0,0.5626,0.7271,2,-4.25,poor level AND poor trajectory,33340,37,0.9444,False,False,False,False
242838,Maryville,IL,5,0,14943.0,105478000,237203189.0,0.4447,0.7291,3,26.14,"poor level, positive trajectory",41180,8,0.6746,False,False,False,False
526988,La Crosse,WI,8,0,13891.0,74510000,166479563.0,0.4476,0.7339,3,0.28,"poor level, positive trajectory",29100,5,0.6772,False,False,False,False
271767,Whitefish Bay,WI,11,2,15675.0,126020000,270218642.0,0.4664,0.7647,3,-2.02,poor level AND poor trajectory,33340,37,0.7828,True,False,False,False
274842,De Pere,WI,3,0,6669.0,157022000,127511424.0,1.2314,0.7769,1,4.88,adequate level and trajectory,24580,10,2.9545,False,False,False,False
285097,Plover,WI,3,0,6995.0,76670000,79866360.0,0.96,0.7783,1,5.32,"poor level, positive trajectory",44620,3,1.3782,False,False,False,False
9507,Wittenberg,WI,3,0,4598.0,42489000,43857741.0,0.9688,0.7854,1,1.07,"poor level, positive trajectory",43020,2,1.2768,False,False,False,False
272737,Fitchburg,WI,7,0,17592.0,123975000,256665447.0,0.483,0.792,3,1.57,"poor level, positive trajectory",31540,14,0.7519,False,False,False,False
224169,Oconomowoc,WI,6,0,9317.0,110684000,177037626.0,0.6252,0.808,2,3.64,"poor level, positive trajectory",33340,37,1.0495,False,False,False,False
563396,Racine,WI,22,0,39247.0,58870000,173202120.0,0.3399,0.8175,4,7.14,"poor level, positive trajectory",39540,3,0.2246,False,False,False,False
279203,Chippewa Falls,WI,3,0,8139.0,51429000,80228507.0,0.641,0.8285,2,-2.46,poor level AND poor trajectory,20740,4,0.8267,False,False,False,False
244397,Pewaukee,WI,4,0,7955.0,91770000,142171583.0,0.6455,0.8342,2,-0.73,poor level AND poor trajectory,33340,37,1.0835,False,False,False,False
224171,Brookfield,WI,10,0,16391.0,149678000,293305228.0,0.5103,0.8368,3,-0.09,poor level AND poor trajectory,33340,37,0.8566,False,False,False,False
15356,Stevens Point,WI,4,0,8636.0,91687000,109469797.0,0.8376,0.8376,2,5.74,"poor level, positive trajectory",44620,3,1.2024,False,False,False,False
43371,Port Washington,WI,3,0,5956.0,110330000,81700546.0,1.3504,0.852,1,3.29,adequate level and trajectory,33340,37,2.2668,False,False,False,False
207612,Hudson,WI,1,0,3054.0,175821000,129367310.0,1.3591,0.8575,1,-1.72,"adequate level, poor trajectory",33460,4,5.0379,False,False,False,False
207452,Green Bay,WI,5,0,11353.0,135529000,200310072.0,0.6766,0.8744,2,-3.01,poor level AND poor trajectory,24580,10,1.6233,False,False,False,False
207611,Ellsworth,WI,1,0,1800.0,90605000,64120489.0,1.413,0.8915,1,1.84,adequate level and trajectory,33460,4,5.2379,False,False,False,False
280880,Belleville,IL,11,0,16359.0,91204000,166277960.0,0.5485,0.8994,3,18.95,"poor level, positive trajectory",41180,8,0.8321,False,False,False,False
229659,Muskego,WI,5,0,9694.0,126731000,181658881.0,0.6976,0.9016,2,8.04,"poor level, positive trajectory",33340,37,1.1711,False,False,False,False
563281,West Bend,WI,7,0,12141.0,117107000,166927320.0,0.7015,0.9067,2,6.71,"poor level, positive trajectory",33340,37,1.1776,False,False,False,False
285098,Merrill,WI,13,0,20686.0,74419000,163592045.0,0.4549,0.9068,4,30.99,"poor level, positive trajectory",RURAL-WI,17,0.4529,False,False,False,False
272732,Stoughton,WI,3,0,5840.0,115530000,80348404.0,1.4379,0.9072,1,4.22,adequate level and trajectory,31540,14,2.2383,False,False,False,False
279384,Bartlett,IL,28,0,38450.0,54328000,143861142.0,0.3776,0.9083,4,8.42,"poor level, positive trajectory",16980,17,0.1439,False,False,False,False
278723,Grafton,WI,8,0,13330.0,124734000,221531918.0,0.5631,0.9233,3,3.85,"poor level, positive trajectory",33340,37,0.9451,False,False,False,False
272733,Madison,WI,7,0,13769.0,100549000,174849708.0,0.5751,0.9429,3,23.62,"poor level, positive trajectory",31540,14,0.8952,False,False,False,False
42493,Wauwatosa,WI,16,0,23198.0,151373000,385593916.0,0.3926,0.9442,4,2.17,"poor level, positive trajectory",33340,37,0.659,False,False,False,False
274324,Bloomer,WI,1,0,2622.0,36334000,23931279.0,1.5183,0.9579,1,0.65,adequate level and trajectory,20740,4,1.9579,False,False,False,False
531465,Oak Creek,WI,13,0,22058.0,126914000,313926955.0,0.4043,0.9724,4,21.31,"poor level, positive trajectory",33340,37,0.6786,False,False,False,False
8257,Coleman,WI,4,0,6177.0,79475000,65726718.0,1.2092,0.9803,1,6.49,adequate level and trajectory,31940,3,1.8823,False,False,False,False
229368,Reedsburg,WI,15,0,14875.0,94372000,94372000.0,1.0,1.0,2,0.84,adequate level and trajectory,12660,1,0.8774,False,False,False,False
9525,Shawano,WI,11,0,14897.0,129917000,128548259.0,1.0106,1.0,3,0.17,adequate level and trajectory,43020,2,1.332,False,False,False,False
279461,Beaver Dam,WI,12,0,21161.0,83399000,83399000.0,1.0,1.0,4,5.72,adequate level and trajectory,13180,1,0.554,False,False,False,False
278714,Fond Du Lac,WI,5,0,10213.0,46760000,60431439.0,0.7738,1.0,2,12.37,"poor level, positive trajectory",22540,2,0.675,False,False,False,False
626871,Oshkosh,WI,5,0,7727.0,187908000,118552049.0,1.585,1.0,1,15.85,adequate level and trajectory,36780,4,3.333,False,False,False,False
15771,Saint Francis,WI,15,0,23635.0,131977000,317427246.0,0.4158,1.0,4,19.2,"poor level, positive trajectory",33340,37,0.6979,False,False,False,False
43625,Rice Lake,WI,8,0,13535.0,36799000,36799000.0,1.0,1.0,2,3.01,adequate level and trajectory,39960,1,0.3975,False,False,False,False
274531,Rockford,IL,14,0,21553.0,102267000,167690033.0,0.6099,1.0,3,2.8,"poor level, positive trajectory",40420,5,0.7641,False,False,False,False
13881,Hurley,WI,3,0,2000.0,42851000,12848746.0,3.335,1.0,1,0.62,adequate level and trajectory,RURAL-WI,17,3.32,False,False,False,False
9567,Kaukauna,WI,9,0,14292.0,69882000,113064170.0,0.6181,1.0135,3,11.32,"poor level, positive trajectory",11540,4,0.5692,False,False,False,False
271793,Stevens Point,WI,5,0,7859.0,102366000,81386843.0,1.2578,1.0197,1,-1.08,"adequate level, poor trajectory",44620,3,1.8057,False,False,False,False
255064,Appleton,WI,6,0,10603.0,67710000,85281662.0,0.794,1.0261,2,-4.71,poor level AND poor trajectory,11540,4,0.7312,False,False,False,False
274350,Baldwin,WI,1,0,1410.0,63592000,39012893.0,1.63,1.0284,1,3.53,adequate level and trajectory,33460,4,6.0422,False,False,False,False
358658,Waukegan,IL,14,0,22162.0,24225000,56430655.0,0.4293,1.0325,4,-13.42,poor level AND poor trajectory,16980,17,0.1636,False,True,False,False
269431,Crivitz,WI,4,0,5246.0,63216000,48985801.0,1.2905,1.0462,1,5.7,adequate level and trajectory,31940,3,2.0089,False,False,False,False
2418,Hales Corners,WI,7,0,13242.0,147699000,229790893.0,0.6428,1.0539,3,1.94,"poor level, positive trajectory",33340,37,1.0789,False,False,False,False
269421,Green Bay,WI,3,0,4897.0,126356000,75553592.0,1.6724,1.0551,1,6.0,adequate level and trajectory,24580,10,4.0125,False,False,False,False
279462,Whitewater,WI,9,0,13049.0,66075000,62620185.0,1.0552,1.0552,2,2.18,adequate level and trajectory,48580,3,0.6368,False,False,False,False
272014,Viroqua,WI,1,0,2319.0,42553000,25378373.0,1.6767,1.0579,1,2.31,adequate level and trajectory,29100,5,2.5369,False,False,False,False
9568,Wautoma,WI,14,0,19339.0,71281000,129975464.0,0.5484,1.0932,4,6.11,"poor level, positive trajectory",RURAL-WI,17,0.5459,False,False,False,False
279473,Waukesha,WI,13,0,19506.0,197923000,296802763.0,0.6669,1.0935,3,0.46,"poor level, positive trajectory",33340,37,1.1194,False,False,False,False
437065,Kenosha,WI,22,0,33539.0,59109000,127440110.0,0.4638,1.1156,4,9.15,"poor level, positive trajectory",28450,2,0.2311,False,False,False,False
279467,Mukwonago,WI,3,0,5614.0,180872000,101460082.0,1.7827,1.1247,1,5.11,adequate level and trajectory,33340,37,2.9924,False,False,False,False
224166,Sussex,WI,4,0,7983.0,134971000,154683462.0,0.8726,1.1277,2,0.87,"poor level, positive trajectory",33340,37,1.4647,False,False,False,False
272021,Onalaska,WI,5,0,11601.0,131331000,149503179.0,0.8784,1.1353,2,2.34,"poor level, positive trajectory",29100,5,1.3291,False,False,False,False
271786,New Berlin,WI,6,0,9593.0,153894000,167529670.0,0.9186,1.1872,2,3.67,"poor level, positive trajectory",33340,37,1.542,False,False,False,False
12149,West Allis,WI,24,0,35676.0,222557000,447346885.0,0.4975,1.1966,4,5.89,"poor level, positive trajectory",33340,37,0.8351,False,False,False,False
36372,Elkhorn,WI,14,0,20991.0,128661000,106907250.0,1.2035,1.2035,4,-8.32,"adequate level, poor trajectory",48580,3,0.7264,False,False,False,False
510605,Sun Prairie,WI,6,0,14600.0,168659000,226756107.0,0.7438,1.2196,3,2.51,"poor level, positive trajectory",31540,14,1.1579,False,False,False,False
224173,Germantown,WI,4,0,8684.0,131904000,139317768.0,0.9468,1.2236,2,7.04,"poor level, positive trajectory",33340,37,1.5893,False,False,False,False
47449,Mundelein,IL,15,0,30410.0,77105000,150219590.0,0.5133,1.2345,4,26.38,"poor level, positive trajectory",16980,17,0.1956,False,False,False,False
274535,Machesney Park,IL,11,0,18471.0,112247000,146293750.0,0.7673,1.2581,3,3.13,"poor level, positive trajectory",40420,5,0.9613,False,False,False,False
41437,Ashland,WI,7,0,8137.0,110975000,58459694.0,1.8983,1.2837,2,-4.48,"adequate level, poor trajectory",RURAL-WI,17,1.8898,False,False,False,False
43399,Fairview Heights,IL,8,0,16952.0,195409000,244847346.0,0.7981,1.3086,3,16.61,"poor level, positive trajectory",41180,8,1.2108,False,False,False,False
272736,Madison,WI,13,0,23023.0,185014000,335032553.0,0.5522,1.3282,4,12.35,"poor level, positive trajectory",31540,14,0.8596,False,False,False,False
279213,Hayward,WI,10,0,11698.0,74792000,71467318.0,1.0465,1.3908,3,2.23,adequate level and trajectory,RURAL-WI,17,1.0418,False,False,False,False
207456,Green Bay,WI,5,0,13045.0,200800000,236065031.0,0.8506,1.3948,3,11.36,"poor level, positive trajectory",24580,10,2.0408,False,False,False,False
8946,Marshfield,WI,10,0,17454.0,324872000,228617104.0,1.421,1.4061,3,-6.41,"adequate level, poor trajectory",49220,3,2.5732,False,False,False,False
3556,Columbus,WI,1,0,2527.0,66520000,29659812.0,2.2428,1.415,1,6.05,adequate level and trajectory,31540,14,3.4913,False,False,False,False
430566,Rockford,IL,8,0,13511.0,136393000,155935633.0,0.8747,1.4342,3,4.3,"poor level, positive trajectory",40420,5,1.0959,False,False,False,False
218854,Boulder Junction,WI,2,0,2430.0,77851000,16176803.0,4.8125,1.443,1,25.87,adequate level and trajectory,RURAL-WI,17,4.7908,False,False,False,False
8247,Waterford,WI,3,0,6819.0,102553000,44609668.0,2.2989,1.4504,1,7.6,adequate level and trajectory,39540,3,1.519,False,False,False,False
43060,Eau Claire,WI,11,0,22070.0,126027000,208577020.0,0.6042,1.4533,4,55.36,"poor level, positive trajectory",20740,4,0.7792,False,False,False,False
228809,Burlington,WI,3,0,7021.0,99280000,42891212.0,2.3147,1.4604,1,7.08,adequate level and trajectory,39540,3,1.5294,False,False,False,False
13400,Chicago,IL,91,0,152483.0,329419000,535513363.0,0.6151,1.4795,4,4.09,"poor level, positive trajectory",16980,17,0.2344,False,False,False,False
7428,Manitowoc,WI,15,0,27017.0,208828000,139871434.0,1.493,1.493,4,17.73,adequate level and trajectory,31820,2,1.1381,False,False,False,False
16222,Fond Du Lac,WI,7,0,12551.0,88076000,74404561.0,1.1837,1.5298,2,3.29,adequate level and trajectory,22540,2,1.0326,False,False,False,False
279460,Watertown,WI,11,0,17370.0,109489000,70620371.0,1.5504,1.5341,3,6.74,adequate level and trajectory,48020,2,0.8279,False,False,False,False
15903,Greenfield,WI,8,0,15762.0,175838000,187233756.0,0.9391,1.5399,3,-0.2,poor level AND poor trajectory,33340,37,1.5764,False,False,False,False
7170,Menomonee Falls,WI,4,0,7959.0,146218000,121136933.0,1.207,1.56,2,2.1,adequate level and trajectory,33340,37,2.0262,False,False,False,False
3584,Portage,WI,3,0,5283.0,149150000,60185606.0,2.4782,1.5635,1,-0.86,"adequate level, poor trajectory",31540,14,3.8578,False,False,False,False
231838,Hartford,WI,4,0,8024.0,149698000,119299656.0,1.2548,1.6217,2,31.89,adequate level and trajectory,33340,37,2.1063,False,False,False,False
9547,De Pere,WI,5,0,9552.0,265238000,210045099.0,1.2628,1.632,2,15.45,adequate level and trajectory,24580,10,3.0296,False,False,False,False
418500,Appleton,WI,11,0,21592.0,176326000,172948069.0,1.0195,1.6718,3,-2.98,"adequate level, poor trajectory",11540,4,0.9389,False,False,False,False
279382,South Elgin,IL,7,0,14554.0,63266000,61582251.0,1.0273,1.6846,3,-15.15,"adequate level, poor trajectory",16980,17,0.3914,False,False,False,False
443319,Green Bay,WI,5,0,10100.0,287069000,214327286.0,1.3394,1.731,2,-8.96,"adequate level, poor trajectory",24580,10,3.2135,False,False,False,False
43086,Elgin,IL,16,0,27309.0,56389000,77617180.0,0.7265,1.7474,4,13.92,"poor level, positive trajectory",16980,17,0.2768,False,False,False,False
7417,Oconto,WI,1,0,1931.0,91707000,33100113.0,2.7706,1.748,1,38.01,adequate level and trajectory,24580,10,6.6472,False,False,False,False
201868,Gurnee,IL,14,0,27724.0,65491000,89216582.0,0.7341,1.7656,4,33.26,"poor level, positive trajectory",16980,17,0.2797,False,False,False,False
999,Lodi,WI,1,0,2610.0,120727000,42438645.0,2.8447,1.7948,1,7.51,adequate level and trajectory,31540,14,4.4284,False,False,False,False
13534,Sturgeon Bay,WI,6,0,8496.0,189328000,65470570.0,2.8918,1.9555,2,4.06,adequate level and trajectory,RURAL-WI,17,2.8788,False,False,False,False
361929,Elgin,IL,6,0,11316.0,72222000,46985743.0,1.5371,1.9865,2,8.23,adequate level and trajectory,16980,17,0.5857,False,False,False,False
278474,Bethalto,IL,6,0,9344.0,169606000,98743748.0,1.7176,2.2198,2,9.87,adequate level and trajectory,41180,8,2.6058,False,False,False,False
3576,Neenah,WI,7,0,9980.0,259064000,150455716.0,1.7219,2.2253,2,-12.32,"adequate level, poor trajectory",36780,4,3.6208,False,False,False,False
279476,Twin Lakes,WI,3,0,5720.0,95120000,26788890.0,3.5507,2.2402,1,9.73,adequate level and trajectory,28450,2,1.769,False,False,False,False
14041,Sheboygan,WI,11,0,23735.0,270156000,270156000.0,1.0,2.4052,4,-0.26,"adequate level, poor trajectory",43100,1,1.6601,False,False,False,False
9551,Mercer,WI,1,0,1109.0,56666000,6732304.0,8.417,2.5238,1,7.44,adequate level and trajectory,RURAL-WI,17,8.3791,False,False,False,False
279202,Eau Claire,WI,5,0,9709.0,198861000,99914194.0,1.9903,2.5722,2,-2.54,"adequate level, poor trajectory",20740,4,2.5667,False,False,False,False
285104,Minocqua,WI,7,0,8681.0,124230000,63377902.0,1.9601,2.6051,3,1.35,adequate level and trajectory,RURAL-WI,17,1.9513,False,False,False,False
285996,Janesville,WI,11,0,17206.0,297960000,186238633.0,1.5999,2.6234,3,3.58,adequate level and trajectory,27500,2,2.5585,False,False,False,False
279378,Crystal Lake,IL,16,0,27670.0,118441000,104689148.0,1.1314,2.7211,4,5.05,adequate level and trajectory,16980,17,0.4311,False,False,False,False
7849,Wausau,WI,8,0,13301.0,491196000,282348305.0,1.7397,2.8526,3,19.53,adequate level and trajectory,48140,2,5.5417,False,False,False,False
433617,Appleton,WI,18,0,27090.0,271843000,214467100.0,1.2675,3.0486,4,-5.38,"adequate level, poor trajectory",11540,4,1.1673,False,False,False,False
3617,Rhinelander,WI,11,0,12691.0,154036000,86929912.0,1.772,3.5322,4,1.57,adequate level and trajectory,RURAL-WI,17,1.764,False,False,False,False
272734,Madison,WI,11,1,19661.0,773956000,346254620.0,2.2352,3.6652,3,21.84,adequate level and trajectory,31540,14,3.4796,True,False,False,False
41815,La Crosse,WI,6,0,8290.0,186738000,65745964.0,2.8403,3.6707,2,-28.67,"adequate level, poor trajectory",29100,5,4.2974,False,False,False,False
280878,East St. Louis,IL,11,4,5190.0,182278000,30392638.0,5.9974,3.7838,1,-2.42,"adequate level, poor trajectory",41180,8,9.0988,True,False,False,False
589989,Madison,WI,12,1,20185.0,744142000,302638807.0,2.4588,4.0318,3,13.73,adequate level and trajectory,31540,14,3.8277,True,False,False,False
9835,Pittsville,WI,1,0,1058.0,67409000,13439804.0,5.0156,4.0663,1,21.01,adequate level and trajectory,49220,3,9.0822,False,False,False,False
6691,Richmond,IL,1,0,2145.0,48624000,6716377.0,7.2396,4.5675,1,6.35,adequate level and trajectory,16980,17,2.7584,False,False,False,False
61979,Rockford,IL,23,2,23341.0,295971000,151626361.0,1.952,4.6948,4,-9.39,"adequate level, poor trajectory",40420,5,2.4456,True,False,False,False
9349,Staunton,IL,1,0,1940.0,150852000,20081854.0,7.5119,4.7393,1,11.99,adequate level and trajectory,41180,8,11.3963,False,False,False,False
557730,Chicago,IL,130,7,241897.0,2840544000,1390960011.0,2.0421,4.9117,4,20.53,adequate level and trajectory,16980,17,0.7781,True,False,False,True
274934,Aurora,IL,20,0,29728.0,192783000,79632103.0,2.4209,5.8227,4,7.75,adequate level and trajectory,16980,17,0.9224,False,True,False,False
993,Milwaukee,WI,2,0,4282.0,4122501000,83602055.0,49.311,31.1105,1,10.14,adequate level and trajectory,33340,37,82.7739,False,False,False,True
