state,county_fips,year,institutions,market_branches,subject_branches,hq_branches,market_deposits,subject_deposits,deposit_share_pct,branch_share_pct,share_gap_pp
IL,17001,2019,11,36,0,5,1674736000.0,0.0,0.0,0.0,0.0
IL,17001,2020,12,36,0,5,1880170000.0,0.0,0.0,0.0,0.0
IL,17001,2021,12,35,0,5,2152093000.0,0.0,0.0,0.0,0.0
IL,17001,2022,12,34,0,5,2264537000.0,0.0,0.0,0.0,0.0
IL,17001,2023,12,33,0,5,2122460000.0,0.0,0.0,0.0,0.0
IL,17001,2024,12,33,0,5,2125580000.0,0.0,0.0,0.0,0.0
IL,17001,2025,12,33,0,5,2174760000.0,0.0,0.0,0.0,0.0
IL,17003,2019,1,3,0,0,69844000.0,0.0,0.0,0.0,0.0
IL,17003,2020,1,3,0,0,78426000.0,0.0,0.0,0.0,0.0
IL,17003,2021,1,3,0,0,87880000.0,0.0,0.0,0.0,0.0
IL,17003,2022,1,2,0,0,94202000.0,0.0,0.0,0.0,0.0
IL,17003,2023,1,2,0,0,93109000.0,0.0,0.0,0.0,0.0
IL,17003,2024,1,2,0,0,92864000.0,0.0,0.0,0.0,0.0
IL,17003,2025,1,2,0,0,89876000.0,0.0,0.0,0.0,0.0
IL,17005,2019,5,8,0,1,310770000.0,0.0,0.0,0.0,0.0
IL,17005,2020,5,8,0,1,365943000.0,0.0,0.0,0.0,0.0
IL,17005,2021,5,8,0,1,395374000.0,0.0,0.0,0.0,0.0
IL,17005,2022,5,7,0,1,428301000.0,0.0,0.0,0.0,0.0
IL,17005,2023,5,7,0,1,430592000.0,0.0,0.0,0.0,0.0
IL,17005,2024,5,7,0,1,434415000.0,0.0,0.0,0.0,0.0
IL,17005,2025,5,7,0,1,444247000.0,0.0,0.0,0.0,0.0
IL,17007,2019,8,12,0,0,597865000.0,0.0,0.0,0.0,0.0
IL,17007,2020,8,12,0,0,704690000.0,0.0,0.0,0.0,0.0
IL,17007,2021,8,11,0,0,788754000.0,0.0,0.0,0.0,0.0
IL,17007,2022,8,11,0,0,784685000.0,0.0,0.0,0.0,0.0
IL,17007,2023,8,11,0,0,793011000.0,0.0,0.0,0.0,0.0
IL,17007,2024,8,11,0,0,778577000.0,0.0,0.0,0.0,0.0
IL,17007,2025,8,9,0,0,800085000.0,0.0,0.0,0.0,0.0
IL,17009,2019,4,7,0,1,148863000.0,0.0,0.0,0.0,0.0
IL,17009,2020,4,6,0,1,169093000.0,0.0,0.0,0.0,0.0
IL,17009,2021,4,6,0,1,197418000.0,0.0,0.0,0.0,0.0
IL,17009,2022,4,5,0,1,197795000.0,0.0,0.0,0.0,0.0
IL,17009,2023,4,5,0,1,197189000.0,0.0,0.0,0.0,0.0
IL,17009,2024,4,5,0,1,229973000.0,0.0,0.0,0.0,0.0
IL,17009,2025,4,5,0,1,237165000.0,0.0,0.0,0.0,0.0
IL,17011,2019,11,19,0,3,929518000.0,0.0,0.0,0.0,0.0
IL,17011,2020,11,19,0,3,1074789000.0,0.0,0.0,0.0,0.0
IL,17011,2021,11,18,0,3,1169058000.0,0.0,0.0,0.0,0.0
IL,17011,2022,11,18,0,3,1261728000.0,0.0,0.0,0.0,0.0
IL,17011,2023,11,18,0,3,1221693000.0,0.0,0.0,0.0,0.0
IL,17011,2024,11,18,0,3,1207005000.0,0.0,0.0,0.0,0.0
IL,17011,2025,11,18,0,3,1201156000.0,0.0,0.0,0.0,0.0
IL,17013,2019,2,5,0,2,114072000.0,0.0,0.0,0.0,0.0
IL,17013,2020,2,5,0,2,124618000.0,0.0,0.0,0.0,0.0
IL,17013,2021,2,5,0,2,141603000.0,0.0,0.0,0.0,0.0
IL,17013,2022,2,5,0,2,151143000.0,0.0,0.0,0.0,0.0
IL,17013,2023,2,5,0,2,148838000.0,0.0,0.0,0.0,0.0
IL,17013,2024,2,5,0,2,153153000.0,0.0,0.0,0.0,0.0
IL,17013,2025,2,5,0,2,154804000.0,0.0,0.0,0.0,0.0
IL,17015,2019,7,12,0,4,465395000.0,0.0,0.0,0.0,0.0
IL,17015,2020,7,12,0,4,500363000.0,0.0,0.0,0.0,0.0
IL,17015,2021,7,12,0,4,560407000.0,0.0,0.0,0.0,0.0
IL,17015,2022,7,12,0,4,574726000.0,0.0,0.0,0.0,0.0
IL,17015,2023,7,12,0,4,555517000.0,0.0,0.0,0.0,0.0
IL,17015,2024,7,12,0,4,552325000.0,0.0,0.0,0.0,0.0
IL,17015,2025,8,13,0,4,604172000.0,0.0,0.0,0.0,0.0
IL,17017,2019,5,9,0,4,362696000.0,0.0,0.0,0.0,0.0
IL,17017,2020,5,9,0,4,402118000.0,0.0,0.0,0.0,0.0
IL,17017,2021,5,9,0,4,460799000.0,0.0,0.0,0.0,0.0
IL,17017,2022,5,9,0,4,505735000.0,0.0,0.0,0.0,0.0
IL,17017,2023,5,9,0,4,505623000.0,0.0,0.0,0.0,0.0
IL,17017,2024,5,9,0,4,486693000.0,0.0,0.0,0.0,0.0
IL,17017,2025,5,9,0,4,475996000.0,0.0,0.0,0.0,0.0
IL,17019,2019,29,76,0,10,5540843000.0,0.0,0.0,0.0,0.0
IL,17019,2020,29,76,0,10,6653043000.0,0.0,0.0,0.0,0.0
IL,17019,2021,28,73,0,10,6836739000.0,0.0,0.0,0.0,0.0
IL,17019,2022,29,73,0,10,7378905000.0,0.0,0.0,0.0,0.0
IL,17019,2023,29,71,0,10,7029913000.0,0.0,0.0,0.0,0.0
IL,17019,2024,29,72,0,10,6932734000.0,0.0,0.0,0.0,0.0
IL,17019,2025,29,71,0,10,6900499000.0,0.0,0.0,0.0,0.0
IL,17021,2019,13,20,0,6,787113000.0,0.0,0.0,0.0,0.0
IL,17021,2020,13,20,0,6,859877000.0,0.0,0.0,0.0,0.0
IL,17021,2021,13,20,0,6,983125000.0,0.0,0.0,0.0,0.0
IL,17021,2022,13,20,0,6,1050557000.0,0.0,0.0,0.0,0.0
IL,17021,2023,12,19,0,6,958918000.0,0.0,0.0,0.0,0.0
IL,17021,2024,12,19,0,6,931051000.0,0.0,0.0,0.0,0.0
IL,17021,2025,12,19,0,6,952322000.0,0.0,0.0,0.0,0.0
IL,17023,2019,5,10,0,2,379468000.0,0.0,0.0,0.0,0.0
IL,17023,2020,5,10,0,2,426005000.0,0.0,0.0,0.0,0.0
IL,17023,2021,6,10,0,2,495523000.0,0.0,0.0,0.0,0.0
IL,17023,2022,6,10,0,2,527326000.0,0.0,0.0,0.0,0.0
IL,17023,2023,6,9,0,2,531510000.0,0.0,0.0,0.0,0.0
IL,17023,2024,6,9,0,2,554555000.0,0.0,0.0,0.0,0.0
IL,17023,2025,6,9,0,2,556952000.0,0.0,0.0,0.0,0.0
IL,17025,2019,7,13,0,4,308282000.0,0.0,0.0,0.0,0.0
IL,17025,2020,6,10,0,4,341102000.0,0.0,0.0,0.0,0.0
IL,17025,2021,6,10,0,4,387761000.0,0.0,0.0,0.0,0.0
IL,17025,2022,6,10,0,4,438727000.0,0.0,0.0,0.0,0.0
IL,17025,2023,6,10,0,4,446353000.0,0.0,0.0,0.0,0.0
IL,17025,2024,6,10,0,4,447702000.0,0.0,0.0,0.0,0.0
IL,17025,2025,6,10,0,4,451400000.0,0.0,0.0,0.0,0.0
IL,17027,2019,12,22,0,5,1107600000.0,0.0,0.0,0.0,0.0
IL,17027,2020,12,22,0,5,1236585000.0,0.0,0.0,0.0,0.0
IL,17027,2021,13,23,0,5,1379186000.0,0.0,0.0,0.0,0.0
IL,17027,2022,12,21,0,4,1398862000.0,0.0,0.0,0.0,0.0
IL,17027,2023,12,22,0,4,1434123000.0,0.0,0.0,0.0,0.0
IL,17027,2024,12,22,0,4,1469530000.0,0.0,0.0,0.0,0.0
IL,17027,2025,14,23,0,4,1564121000.0,0.0,0.0,0.0,0.0
IL,17029,2019,12,24,0,2,1308234000.0,0.0,0.0,0.0,0.0
IL,17029,2020,12,24,0,2,1535756000.0,0.0,0.0,0.0,0.0
IL,17029,2021,12,22,0,2,1831845000.0,0.0,0.0,0.0,0.0
IL,17029,2022,11,19,0,1,1772764000.0,0.0,0.0,0.0,0.0
IL,17029,2023,12,19,0,1,1965474000.0,0.0,0.0,0.0,0.0
IL,17029,2024,12,19,0,1,1974500000.0,0.0,0.0,0.0,0.0
IL,17029,2025,12,18,0,1,2019436000.0,0.0,0.0,0.0,0.0
IL,17031,2019,104,1348,9,60,297572542000.0,3668156000.0,1.233,0.668,0.565
IL,17031,2020,101,1284,9,57,380187788000.0,2941287000.0,0.774,0.701,0.073
IL,17031,2021,99,1223,9,57,418620216000.0,2692403000.0,0.643,0.736,-0.093
IL,17031,2022,98,1187,9,57,442789756000.0,3144545000.0,0.71,0.758,-0.048
IL,17031,2023,98,1162,9,57,417289318000.0,2811364000.0,0.674,0.775,-0.101
IL,17031,2024,97,1136,7,57,431328999000.0,3111635000.0,0.721,0.616,0.105
IL,17031,2025,95,1128,6,56,441841767000.0,3335571000.0,0.755,0.532,0.223
IL,17033,2019,6,12,0,2,476542000.0,0.0,0.0,0.0,0.0
IL,17033,2020,6,12,0,2,531084000.0,0.0,0.0,0.0,0.0
IL,17033,2021,6,11,0,2,588512000.0,0.0,0.0,0.0,0.0
IL,17033,2022,6,10,0,2,607528000.0,0.0,0.0,0.0,0.0
IL,17033,2023,6,10,0,2,610402000.0,0.0,0.0,0.0,0.0
IL,17033,2024,6,10,0,2,626065000.0,0.0,0.0,0.0,0.0
IL,17033,2025,6,10,0,2,625865000.0,0.0,0.0,0.0,0.0
IL,17035,2019,3,5,0,1,222009000.0,0.0,0.0,0.0,0.0
IL,17035,2020,2,5,0,1,251137000.0,0.0,0.0,0.0,0.0
IL,17035,2021,2,5,0,1,253381000.0,0.0,0.0,0.0,0.0
IL,17035,2022,2,5,0,1,266831000.0,0.0,0.0,0.0,0.0
IL,17035,2023,2,5,0,1,289653000.0,0.0,0.0,0.0,0.0
IL,17035,2024,2,5,0,1,293665000.0,0.0,0.0,0.0,0.0
IL,17035,2025,2,5,0,1,309551000.0,0.0,0.0,0.0,0.0
IL,17037,2019,12,41,0,2,2384866000.0,0.0,0.0,0.0,0.0
IL,17037,2020,12,41,0,2,2622454000.0,0.0,0.0,0.0,0.0
IL,17037,2021,10,39,0,2,2916092000.0,0.0,0.0,0.0,0.0
IL,17037,2022,10,38,0,2,3100475000.0,0.0,0.0,0.0,0.0
IL,17037,2023,9,37,0,2,2777710000.0,0.0,0.0,0.0,0.0
IL,17037,2024,9,37,0,2,2799086000.0,0.0,0.0,0.0,0.0
IL,17037,2025,9,37,0,2,2792130000.0,0.0,0.0,0.0,0.0
IL,17039,2019,4,6,0,2,414425000.0,0.0,0.0,0.0,0.0
IL,17039,2020,4,6,0,2,436725000.0,0.0,0.0,0.0,0.0
IL,17039,2021,3,5,0,2,465385000.0,0.0,0.0,0.0,0.0
IL,17039,2022,3,5,0,2,485780000.0,0.0,0.0,0.0,0.0
IL,17039,2023,3,5,0,2,514434000.0,0.0,0.0,0.0,0.0
IL,17039,2024,3,5,0,2,547540000.0,0.0,0.0,0.0,0.0
IL,17039,2025,4,6,0,2,562460000.0,0.0,0.0,0.0,0.0
IL,17041,2019,7,12,0,1,385257000.0,0.0,0.0,0.0,0.0
IL,17041,2020,7,13,0,1,429370000.0,0.0,0.0,0.0,0.0
IL,17041,2021,7,13,0,1,485622000.0,0.0,0.0,0.0,0.0
IL,17041,2022,7,13,0,1,512529000.0,0.0,0.0,0.0,0.0
IL,17041,2023,7,12,0,1,499889000.0,0.0,0.0,0.0,0.0
IL,17041,2024,7,12,0,1,500664000.0,0.0,0.0,0.0,0.0
IL,17041,2025,7,12,0,1,506174000.0,0.0,0.0,0.0,0.0
IL,17043,2019,48,316,1,11,41845054000.0,299712000.0,0.716,0.316,0.4
IL,17043,2020,49,301,1,11,49494152000.0,191257000.0,0.386,0.332,0.054
IL,17043,2021,49,286,1,11,52734747000.0,193769000.0,0.367,0.35,0.018
IL,17043,2022,45,261,1,10,53149423000.0,204657000.0,0.385,0.383,0.002
IL,17043,2023,45,258,1,10,52128086000.0,100292000.0,0.192,0.388,-0.195
IL,17043,2024,45,253,1,9,52240610000.0,95827000.0,0.183,0.395,-0.212
IL,17043,2025,46,250,1,9,53206132000.0,50682000.0,0.095,0.4,-0.305
IL,17045,2019,5,10,0,1,527869000.0,0.0,0.0,0.0,0.0
IL,17045,2020,5,11,0,1,566852000.0,0.0,0.0,0.0,0.0
IL,17045,2021,5,11,0,1,624547000.0,0.0,0.0,0.0,0.0
IL,17045,2022,5,11,0,1,664565000.0,0.0,0.0,0.0,0.0
IL,17045,2023,5,10,0,1,647077000.0,0.0,0.0,0.0,0.0
IL,17045,2024,5,10,0,1,651951000.0,0.0,0.0,0.0,0.0
IL,17045,2025,5,10,0,1,681078000.0,0.0,0.0,0.0,0.0
IL,17047,2019,2,2,0,1,150702000.0,0.0,0.0,0.0,0.0
IL,17047,2020,2,2,0,1,155735000.0,0.0,0.0,0.0,0.0
IL,17047,2021,2,2,0,1,174489000.0,0.0,0.0,0.0,0.0
IL,17047,2022,2,2,0,1,188821000.0,0.0,0.0,0.0,0.0
IL,17047,2023,2,2,0,1,179324000.0,0.0,0.0,0.0,0.0
IL,17047,2024,2,2,0,1,188111000.0,0.0,0.0,0.0,0.0
IL,17047,2025,2,2,0,1,187760000.0,0.0,0.0,0.0,0.0
IL,17049,2019,11,21,0,6,1745568000.0,0.0,0.0,0.0,0.0
IL,17049,2020,11,22,0,6,2052670000.0,0.0,0.0,0.0,0.0
IL,17049,2021,11,22,0,6,2164140000.0,0.0,0.0,0.0,0.0
IL,17049,2022,11,22,0,6,2511185000.0,0.0,0.0,0.0,0.0
IL,17049,2023,11,22,0,6,2707725000.0,0.0,0.0,0.0,0.0
IL,17049,2024,11,22,0,6,2816001000.0,0.0,0.0,0.0,0.0
IL,17049,2025,11,21,0,6,2624485000.0,0.0,0.0,0.0,0.0
IL,17051,2019,9,13,0,3,415821000.0,0.0,0.0,0.0,0.0
IL,17051,2020,9,13,0,3,461923000.0,0.0,0.0,0.0,0.0
IL,17051,2021,9,13,0,3,532205000.0,0.0,0.0,0.0,0.0
IL,17051,2022,9,13,0,3,556392000.0,0.0,0.0,0.0,0.0
IL,17051,2023,9,13,0,3,549120000.0,0.0,0.0,0.0,0.0
IL,17051,2024,9,13,0,3,566719000.0,0.0,0.0,0.0,0.0
IL,17051,2025,9,13,0,3,610928000.0,0.0,0.0,0.0,0.0
IL,17053,2019,6,12,0,2,404363000.0,0.0,0.0,0.0,0.0
IL,17053,2020,6,12,0,2,460144000.0,0.0,0.0,0.0,0.0
IL,17053,2021,6,12,0,2,530629000.0,0.0,0.0,0.0,0.0
IL,17053,2022,5,10,0,2,510288000.0,0.0,0.0,0.0,0.0
IL,17053,2023,5,10,0,2,532556000.0,0.0,0.0,0.0,0.0
IL,17053,2024,5,10,0,2,511900000.0,0.0,0.0,0.0,0.0
IL,17053,2025,5,10,0,2,511924000.0,0.0,0.0,0.0,0.0
IL,17055,2019,9,19,0,1,592052000.0,0.0,0.0,0.0,0.0
IL,17055,2020,8,18,0,1,649464000.0,0.0,0.0,0.0,0.0
IL,17055,2021,8,17,0,1,746951000.0,0.0,0.0,0.0,0.0
IL,17055,2022,8,16,0,1,763877000.0,0.0,0.0,0.0,0.0
IL,17055,2023,9,17,0,1,756944000.0,0.0,0.0,0.0,0.0
IL,17055,2024,9,17,0,1,760157000.0,0.0,0.0,0.0,0.0
IL,17055,2025,9,17,0,1,794867000.0,0.0,0.0,0.0,0.0
IL,17057,2019,14,21,0,7,747299000.0,0.0,0.0,0.0,0.0
IL,17057,2020,14,22,0,7,834809000.0,0.0,0.0,0.0,0.0
IL,17057,2021,14,22,0,7,927177000.0,0.0,0.0,0.0,0.0
IL,17057,2022,14,22,0,7,999104000.0,0.0,0.0,0.0,0.0
IL,17057,2023,14,22,0,7,960528000.0,0.0,0.0,0.0,0.0
IL,17057,2024,14,22,0,7,1002149000.0,0.0,0.0,0.0,0.0
IL,17057,2025,14,22,0,7,989754000.0,0.0,0.0,0.0,0.0
IL,17059,2019,2,3,0,0,141023000.0,0.0,0.0,0.0,0.0
IL,17059,2020,2,3,0,0,148532000.0,0.0,0.0,0.0,0.0
IL,17059,2021,2,3,0,0,159019000.0,0.0,0.0,0.0,0.0
IL,17059,2022,2,2,0,0,162429000.0,0.0,0.0,0.0,0.0
IL,17059,2023,2,2,0,0,171168000.0,0.0,0.0,0.0,0.0
IL,17059,2024,2,2,0,0,177629000.0,0.0,0.0,0.0,0.0
IL,17059,2025,3,3,0,0,178660000.0,0.0,0.0,0.0,0.0
IL,17061,2019,5,6,0,1,283468000.0,0.0,0.0,0.0,0.0
IL,17061,2020,5,6,0,1,313179000.0,0.0,0.0,0.0,0.0
IL,17061,2021,5,6,0,1,365508000.0,0.0,0.0,0.0,0.0
IL,17061,2022,5,6,0,1,380054000.0,0.0,0.0,0.0,0.0
IL,17061,2023,5,6,0,1,384602000.0,0.0,0.0,0.0,0.0
IL,17061,2024,5,6,0,1,383774000.0,0.0,0.0,0.0,0.0
IL,17061,2025,5,6,0,1,407682000.0,0.0,0.0,0.0,0.0
IL,17063,2019,13,22,0,1,1256183000.0,0.0,0.0,0.0,0.0
IL,17063,2020,13,22,0,1,1412465000.0,0.0,0.0,0.0,0.0
IL,17063,2021,13,21,0,1,1655061000.0,0.0,0.0,0.0,0.0
IL,17063,2022,13,21,0,1,1774477000.0,0.0,0.0,0.0,0.0
IL,17063,2023,13,21,0,1,1689674000.0,0.0,0.0,0.0,0.0
IL,17063,2024,13,21,0,1,1706076000.0,0.0,0.0,0.0,0.0
IL,17063,2025,13,21,0,1,1810113000.0,0.0,0.0,0.0,0.0
IL,17065,2019,2,4,0,0,281877000.0,0.0,0.0,0.0,0.0
IL,17065,2020,2,4,0,0,234053000.0,0.0,0.0,0.0,0.0
IL,17065,2021,2,4,0,0,269982000.0,0.0,0.0,0.0,0.0
IL,17065,2022,2,4,0,0,274390000.0,0.0,0.0,0.0,0.0
IL,17065,2023,2,4,0,0,417672000.0,0.0,0.0,0.0,0.0
IL,17065,2024,2,4,0,0,376397000.0,0.0,0.0,0.0,0.0
IL,17065,2025,2,4,0,0,445329000.0,0.0,0.0,0.0,0.0
IL,17067,2019,7,14,0,2,543635000.0,0.0,0.0,0.0,0.0
IL,17067,2020,7,14,0,2,562063000.0,0.0,0.0,0.0,0.0
IL,17067,2021,7,14,0,2,641384000.0,0.0,0.0,0.0,0.0
IL,17067,2022,7,14,0,2,722943000.0,0.0,0.0,0.0,0.0
IL,17067,2023,7,14,0,2,709700000.0,0.0,0.0,0.0,0.0
IL,17067,2024,7,14,0,2,717516000.0,0.0,0.0,0.0,0.0
IL,17067,2025,7,14,0,2,750334000.0,0.0,0.0,0.0,0.0
IL,17069,2019,1,3,0,0,52256000.0,0.0,0.0,0.0,0.0
IL,17069,2020,1,3,0,0,62395000.0,0.0,0.0,0.0,0.0
IL,17069,2021,1,3,0,0,63217000.0,0.0,0.0,0.0,0.0
IL,17069,2022,1,3,0,0,70812000.0,0.0,0.0,0.0,0.0
IL,17069,2023,1,3,0,0,77130000.0,0.0,0.0,0.0,0.0
IL,17069,2024,1,2,0,0,75203000.0,0.0,0.0,0.0,0.0
IL,17069,2025,1,2,0,0,69639000.0,0.0,0.0,0.0,0.0
IL,17071,2019,5,6,0,2,198163000.0,0.0,0.0,0.0,0.0
IL,17071,2020,5,6,0,2,215166000.0,0.0,0.0,0.0,0.0
IL,17071,2021,4,5,0,2,234366000.0,0.0,0.0,0.0,0.0
IL,17071,2022,4,5,0,2,256617000.0,0.0,0.0,0.0,0.0
IL,17071,2023,4,5,0,2,248759000.0,0.0,0.0,0.0,0.0
IL,17071,2024,4,5,0,2,249149000.0,0.0,0.0,0.0,0.0
IL,17071,2025,4,5,0,2,242127000.0,0.0,0.0,0.0,0.0
IL,17073,2019,11,25,0,6,1368464000.0,0.0,0.0,0.0,0.0
IL,17073,2020,11,25,0,6,1402631000.0,0.0,0.0,0.0,0.0
IL,17073,2021,11,25,0,6,1604734000.0,0.0,0.0,0.0,0.0
IL,17073,2022,11,26,0,6,1730054000.0,0.0,0.0,0.0,0.0
IL,17073,2023,11,26,0,6,1733826000.0,0.0,0.0,0.0,0.0
IL,17073,2024,11,25,0,6,1837601000.0,0.0,0.0,0.0,0.0
IL,17073,2025,11,25,0,6,1810747000.0,0.0,0.0,0.0,0.0
IL,17075,2019,12,23,0,7,906813000.0,0.0,0.0,0.0,0.0
IL,17075,2020,12,23,0,7,951127000.0,0.0,0.0,0.0,0.0
IL,17075,2021,12,23,0,7,1061603000.0,0.0,0.0,0.0,0.0
IL,17075,2022,12,23,0,7,1140711000.0,0.0,0.0,0.0,0.0
IL,17075,2023,12,23,0,7,1113116000.0,0.0,0.0,0.0,0.0
IL,17075,2024,12,23,0,7,1096381000.0,0.0,0.0,0.0,0.0
IL,17075,2025,12,23,0,7,1111685000.0,0.0,0.0,0.0,0.0
IL,17077,2019,11,24,0,4,930620000.0,0.0,0.0,0.0,0.0
IL,17077,2020,11,22,0,4,1077476000.0,0.0,0.0,0.0,0.0
IL,17077,2021,11,21,0,4,1136629000.0,0.0,0.0,0.0,0.0
IL,17077,2022,12,22,0,4,1219789000.0,0.0,0.0,0.0,0.0
IL,17077,2023,11,21,0,3,1180945000.0,0.0,0.0,0.0,0.0
IL,17077,2024,11,21,0,3,1200990000.0,0.0,0.0,0.0,0.0
IL,17077,2025,11,20,0,3,1187452000.0,0.0,0.0,0.0,0.0
IL,17079,2019,4,5,0,2,292250000.0,0.0,0.0,0.0,0.0
IL,17079,2020,4,5,0,2,299934000.0,0.0,0.0,0.0,0.0
IL,17079,2021,4,5,0,2,340675000.0,0.0,0.0,0.0,0.0
IL,17079,2022,5,6,0,2,374520000.0,0.0,0.0,0.0,0.0
IL,17079,2023,5,6,0,2,392814000.0,0.0,0.0,0.0,0.0
IL,17079,2024,5,6,0,2,451629000.0,0.0,0.0,0.0,0.0
IL,17079,2025,5,6,0,2,446820000.0,0.0,0.0,0.0,0.0
IL,17081,2019,10,17,0,3,701638000.0,0.0,0.0,0.0,0.0
IL,17081,2020,10,17,0,3,806333000.0,0.0,0.0,0.0,0.0
IL,17081,2021,10,16,0,3,888555000.0,0.0,0.0,0.0,0.0
IL,17081,2022,9,15,0,2,950261000.0,0.0,0.0,0.0,0.0
IL,17081,2023,9,15,0,2,952044000.0,0.0,0.0,0.0,0.0
IL,17081,2024,9,15,0,2,964090000.0,0.0,0.0,0.0,0.0
IL,17081,2025,9,15,0,2,1022676000.0,0.0,0.0,0.0,0.0
IL,17083,2019,6,7,0,1,405630000.0,0.0,0.0,0.0,0.0
IL,17083,2020,6,7,0,1,466219000.0,0.0,0.0,0.0,0.0
IL,17083,2021,6,7,0,1,525540000.0,0.0,0.0,0.0,0.0
IL,17083,2022,6,7,0,1,557515000.0,0.0,0.0,0.0,0.0
IL,17083,2023,6,7,0,1,612641000.0,0.0,0.0,0.0,0.0
IL,17083,2024,6,7,0,1,587337000.0,0.0,0.0,0.0,0.0
IL,17083,2025,6,7,0,1,613268000.0,0.0,0.0,0.0,0.0
IL,17085,2019,6,15,0,1,678299000.0,0.0,0.0,0.0,0.0
IL,17085,2020,6,15,0,1,748137000.0,0.0,0.0,0.0,0.0
IL,17085,2021,6,15,0,1,867616000.0,0.0,0.0,0.0,0.0
IL,17085,2022,6,13,0,1,928484000.0,0.0,0.0,0.0,0.0
IL,17085,2023,6,13,0,1,856632000.0,0.0,0.0,0.0,0.0
IL,17085,2024,6,13,0,1,876558000.0,0.0,0.0,0.0,0.0
IL,17085,2025,5,11,0,1,921964000.0,0.0,0.0,0.0,0.0
IL,17087,2019,3,5,0,0,214277000.0,0.0,0.0,0.0,0.0
IL,17087,2020,3,5,0,0,214882000.0,0.0,0.0,0.0,0.0
IL,17087,2021,3,5,0,0,201343000.0,0.0,0.0,0.0,0.0
IL,17087,2022,3,5,0,0,233210000.0,0.0,0.0,0.0,0.0
IL,17087,2023,3,5,0,0,270650000.0,0.0,0.0,0.0,0.0
IL,17087,2024,3,5,0,0,284758000.0,0.0,0.0,0.0,0.0
IL,17087,2025,3,5,0,0,293850000.0,0.0,0.0,0.0,0.0
IL,17089,2019,35,145,5,7,11299097000.0,556228000.0,4.923,3.448,1.474
IL,17089,2020,34,134,5,6,12806624000.0,291963000.0,2.28,3.731,-1.452
IL,17089,2021,33,131,5,6,14030255000.0,281889000.0,2.009,3.817,-1.808
IL,17089,2022,32,121,5,6,14472456000.0,373256000.0,2.579,4.132,-1.553
IL,17089,2023,32,119,5,6,14587060000.0,349567000.0,2.396,4.202,-1.805
IL,17089,2024,32,117,5,6,14710711000.0,354970000.0,2.413,4.274,-1.861
IL,17089,2025,32,117,5,6,15229359000.0,404353000.0,2.655,4.274,-1.618
IL,17091,2019,14,36,0,5,1870118000.0,0.0,0.0,0.0,0.0
IL,17091,2020,14,37,0,5,2222009000.0,0.0,0.0,0.0,0.0
IL,17091,2021,13,35,0,5,2432883000.0,0.0,0.0,0.0,0.0
IL,17091,2022,13,35,0,5,2515355000.0,0.0,0.0,0.0,0.0
IL,17091,2023,13,35,0,5,2506117000.0,0.0,0.0,0.0,0.0
IL,17091,2024,13,35,0,5,2543885000.0,0.0,0.0,0.0,0.0
IL,17091,2025,13,35,0,5,2627815000.0,0.0,0.0,0.0,0.0
IL,17093,2019,16,34,0,1,1664623000.0,0.0,0.0,0.0,0.0
IL,17093,2020,16,33,0,1,1919241000.0,0.0,0.0,0.0,0.0
IL,17093,2021,15,30,0,1,2164545000.0,0.0,0.0,0.0,0.0
IL,17093,2022,13,28,0,1,2257059000.0,0.0,0.0,0.0,0.0
IL,17093,2023,13,28,0,1,2548040000.0,0.0,0.0,0.0,0.0
IL,17093,2024,13,28,0,1,2927458000.0,0.0,0.0,0.0,0.0
IL,17093,2025,13,27,0,1,2981927000.0,0.0,0.0,0.0,0.0
IL,17095,2019,11,20,0,2,994960000.0,0.0,0.0,0.0,0.0
IL,17095,2020,11,20,0,2,1114384000.0,0.0,0.0,0.0,0.0
IL,17095,2021,11,20,0,2,1207267000.0,0.0,0.0,0.0,0.0
IL,17095,2022,11,19,0,2,2042389000.0,0.0,0.0,0.0,0.0
IL,17095,2023,11,18,0,2,1256341000.0,0.0,0.0,0.0,0.0
IL,17095,2024,11,18,0,2,2022843000.0,0.0,0.0,0.0,0.0
IL,17095,2025,11,18,0,2,2016897000.0,0.0,0.0,0.0,0.0
IL,17097,2019,32,185,5,6,21620876000.0,106233000.0,0.491,2.703,-2.211
IL,17097,2020,32,175,5,6,24939587000.0,114470000.0,0.459,2.857,-2.398
IL,17097,2021,31,165,4,6,27485663000.0,130990000.0,0.477,2.424,-1.948
IL,17097,2022,31,163,4,6,30869546000.0,132601000.0,0.43,2.454,-2.024
IL,17097,2023,30,157,3,6,28634518000.0,140302000.0,0.49,1.911,-1.421
IL,17097,2024,30,155,3,6,29452736000.0,140682000.0,0.478,1.935,-1.458
IL,17097,2025,29,150,3,5,30786595000.0,166821000.0,0.542,2.0,-1.458
IL,17099,2019,23,57,0,12,2679424000.0,0.0,0.0,0.0,0.0
IL,17099,2020,22,55,0,12,3021581000.0,0.0,0.0,0.0,0.0
IL,17099,2021,22,52,0,12,3245855000.0,0.0,0.0,0.0,0.0
IL,17099,2022,22,51,0,12,3381516000.0,0.0,0.0,0.0,0.0
IL,17099,2023,21,50,0,11,3524735000.0,0.0,0.0,0.0,0.0
IL,17099,2024,22,51,0,11,3776057000.0,0.0,0.0,0.0,0.0
IL,17099,2025,22,52,0,11,3978176000.0,0.0,0.0,0.0,0.0
IL,17101,2019,6,10,0,0,264942000.0,0.0,0.0,0.0,0.0
IL,17101,2020,6,10,0,0,282180000.0,0.0,0.0,0.0,0.0
IL,17101,2021,6,10,0,0,328437000.0,0.0,0.0,0.0,0.0
IL,17101,2022,6,9,0,0,339626000.0,0.0,0.0,0.0,0.0
IL,17101,2023,6,9,0,0,318163000.0,0.0,0.0,0.0,0.0
IL,17101,2024,6,9,0,0,310893000.0,0.0,0.0,0.0,0.0
IL,17101,2025,6,9,0,0,307853000.0,0.0,0.0,0.0,0.0
IL,17103,2019,12,20,0,1,734208000.0,0.0,0.0,0.0,0.0
IL,17103,2020,11,19,0,1,809966000.0,0.0,0.0,0.0,0.0
IL,17103,2021,11,18,0,1,894605000.0,0.0,0.0,0.0,0.0
IL,17103,2022,11,19,0,1,921972000.0,0.0,0.0,0.0,0.0
IL,17103,2023,10,15,0,1,831143000.0,0.0,0.0,0.0,0.0
IL,17103,2024,10,15,0,1,847760000.0,0.0,0.0,0.0,0.0
IL,17103,2025,10,15,0,1,834776000.0,0.0,0.0,0.0,0.0
IL,17105,2019,13,26,0,6,1095313000.0,0.0,0.0,0.0,0.0
IL,17105,2020,13,25,0,6,1178523000.0,0.0,0.0,0.0,0.0
IL,17105,2021,13,25,0,6,1321179000.0,0.0,0.0,0.0,0.0
IL,17105,2022,12,24,0,6,1377821000.0,0.0,0.0,0.0,0.0
IL,17105,2023,12,25,0,6,1356248000.0,0.0,0.0,0.0,0.0
IL,17105,2024,12,25,0,6,1334860000.0,0.0,0.0,0.0,0.0
IL,17105,2025,12,25,0,6,1400538000.0,0.0,0.0,0.0,0.0
IL,17107,2019,11,18,0,5,585683000.0,0.0,0.0,0.0,0.0
IL,17107,2020,11,18,0,5,585866000.0,0.0,0.0,0.0,0.0
IL,17107,2021,10,17,0,5,656290000.0,0.0,0.0,0.0,0.0
IL,17107,2022,10,17,0,5,675840000.0,0.0,0.0,0.0,0.0
IL,17107,2023,10,18,0,5,637697000.0,0.0,0.0,0.0,0.0
IL,17107,2024,10,16,0,5,617428000.0,0.0,0.0,0.0,0.0
IL,17107,2025,10,16,0,5,635718000.0,0.0,0.0,0.0,0.0
IL,17109,2019,12,21,0,3,818061000.0,0.0,0.0,0.0,0.0
IL,17109,2020,12,21,0,3,927037000.0,0.0,0.0,0.0,0.0
IL,17109,2021,12,21,0,3,989774000.0,0.0,0.0,0.0,0.0
IL,17109,2022,11,19,0,3,967484000.0,0.0,0.0,0.0,0.0
IL,17109,2023,10,18,0,3,949718000.0,0.0,0.0,0.0,0.0
IL,17109,2024,9,17,0,2,858305000.0,0.0,0.0,0.0,0.0
IL,17109,2025,9,16,0,2,883799000.0,0.0,0.0,0.0,0.0
IL,17111,2019,30,102,2,9,7167006000.0,104034000.0,1.452,1.961,-0.509
IL,17111,2020,29,98,2,8,8118611000.0,120550000.0,1.485,2.041,-0.556
IL,17111,2021,28,95,2,8,8925343000.0,135735000.0,1.521,2.105,-0.584
IL,17111,2022,28,93,2,8,9549218000.0,142587000.0,1.493,2.151,-0.657
IL,17111,2023,26,88,2,8,9220734000.0,164199000.0,1.781,2.273,-0.492
IL,17111,2024,26,85,2,8,9631327000.0,164376000.0,1.707,2.353,-0.646
IL,17111,2025,24,77,2,6,9202376000.0,167065000.0,1.815,2.597,-0.782
IL,17113,2019,26,53,0,5,13842304000.0,0.0,0.0,0.0,0.0
IL,17113,2020,26,54,0,5,14919941000.0,0.0,0.0,0.0,0.0
IL,17113,2021,26,52,0,4,4004415000.0,0.0,0.0,0.0,0.0
IL,17113,2022,26,48,0,4,4268590000.0,0.0,0.0,0.0,0.0
IL,17113,2023,25,47,0,4,4168153000.0,0.0,0.0,0.0,0.0
IL,17113,2024,26,46,0,4,4436379000.0,0.0,0.0,0.0,0.0
IL,17113,2025,26,45,0,4,4567680000.0,0.0,0.0,0.0,0.0
IL,17115,2019,14,39,0,3,1889338000.0,0.0,0.0,0.0,0.0
IL,17115,2020,14,39,0,3,2074490000.0,0.0,0.0,0.0,0.0
IL,17115,2021,14,37,0,3,2377297000.0,0.0,0.0,0.0,0.0
IL,17115,2022,13,35,0,3,2598728000.0,0.0,0.0,0.0,0.0
IL,17115,2023,13,35,0,3,2364385000.0,0.0,0.0,0.0,0.0
IL,17115,2024,13,34,0,3,2439362000.0,0.0,0.0,0.0,0.0
IL,17115,2025,13,34,0,3,2314118000.0,0.0,0.0,0.0,0.0
IL,17117,2019,12,24,3,3,890941000.0,207547000.0,23.295,12.5,10.795
IL,17117,2020,13,25,3,3,981727000.0,215080000.0,21.908,12.0,9.908
IL,17117,2021,13,24,3,3,1058748000.0,192627000.0,18.194,12.5,5.694
IL,17117,2022,13,24,3,3,1150891000.0,182115000.0,15.824,12.5,3.324
IL,17117,2023,13,23,1,3,1254181000.0,153742000.0,12.258,4.348,7.911
IL,17117,2024,13,23,1,3,1267671000.0,155261000.0,12.248,4.348,7.9
IL,17117,2025,13,23,1,3,1308163000.0,150852000.0,11.532,4.348,7.184
IL,17119,2019,25,89,6,3,5235363000.0,277453000.0,5.3,6.742,-1.442
IL,17119,2020,25,89,6,3,5695302000.0,315328000.0,5.537,6.742,-1.205
IL,17119,2021,25,83,6,3,6546007000.0,308269000.0,4.709,7.229,-2.52
IL,17119,2022,24,80,5,3,6444931000.0,333145000.0,5.169,6.25,-1.081
IL,17119,2023,25,80,5,3,6257758000.0,317725000.0,5.077,6.25,-1.173
IL,17119,2024,25,79,3,3,6331093000.0,308223000.0,4.868,3.797,1.071
IL,17119,2025,25,77,3,3,6523890000.0,320258000.0,4.909,3.896,1.013
IL,17121,2019,12,17,0,4,682778000.0,0.0,0.0,0.0,0.0
IL,17121,2020,12,17,0,4,808905000.0,0.0,0.0,0.0,0.0
IL,17121,2021,12,17,0,4,899910000.0,0.0,0.0,0.0,0.0
IL,17121,2022,12,17,0,4,978843000.0,0.0,0.0,0.0,0.0
IL,17121,2023,12,17,0,4,1009843000.0,0.0,0.0,0.0,0.0
IL,17121,2024,12,17,0,4,1006906000.0,0.0,0.0,0.0,0.0
IL,17121,2025,12,17,0,4,1058091000.0,0.0,0.0,0.0,0.0
IL,17123,2019,7,8,0,2,275232000.0,0.0,0.0,0.0,0.0
IL,17123,2020,7,8,0,2,299343000.0,0.0,0.0,0.0,0.0
IL,17123,2021,7,8,0,2,331952000.0,0.0,0.0,0.0,0.0
IL,17123,2022,7,8,0,2,365549000.0,0.0,0.0,0.0,0.0
IL,17123,2023,7,8,0,2,378634000.0,0.0,0.0,0.0,0.0
IL,17123,2024,7,8,0,2,370450000.0,0.0,0.0,0.0,0.0
IL,17123,2025,7,8,0,2,374184000.0,0.0,0.0,0.0,0.0
IL,17125,2019,7,9,0,3,369714000.0,0.0,0.0,0.0,0.0
IL,17125,2020,7,9,0,3,395821000.0,0.0,0.0,0.0,0.0
IL,17125,2021,7,9,0,3,448395000.0,0.0,0.0,0.0,0.0
IL,17125,2022,7,9,0,3,466739000.0,0.0,0.0,0.0,0.0
IL,17125,2023,7,9,0,3,432029000.0,0.0,0.0,0.0,0.0
IL,17125,2024,7,9,0,3,439487000.0,0.0,0.0,0.0,0.0
IL,17125,2025,7,9,0,3,433313000.0,0.0,0.0,0.0,0.0
IL,17127,2019,3,4,0,1,366043000.0,0.0,0.0,0.0,0.0
IL,17127,2020,3,4,0,1,402170000.0,0.0,0.0,0.0,0.0
IL,17127,2021,3,4,0,1,447817000.0,0.0,0.0,0.0,0.0
IL,17127,2022,3,4,0,1,459700000.0,0.0,0.0,0.0,0.0
IL,17127,2023,3,4,0,1,448400000.0,0.0,0.0,0.0,0.0
IL,17127,2024,3,4,0,1,446362000.0,0.0,0.0,0.0,0.0
IL,17127,2025,3,4,0,1,448138000.0,0.0,0.0,0.0,0.0
IL,17129,2019,3,5,0,1,252862000.0,0.0,0.0,0.0,0.0
IL,17129,2020,3,5,0,1,274689000.0,0.0,0.0,0.0,0.0
IL,17129,2021,3,5,0,1,319792000.0,0.0,0.0,0.0,0.0
IL,17129,2022,3,5,0,1,342424000.0,0.0,0.0,0.0,0.0
IL,17129,2023,3,5,0,1,350804000.0,0.0,0.0,0.0,0.0
IL,17129,2024,3,5,0,1,372579000.0,0.0,0.0,0.0,0.0
IL,17129,2025,3,5,0,1,365013000.0,0.0,0.0,0.0,0.0
IL,17131,2019,6,10,0,2,306795000.0,0.0,0.0,0.0,0.0
IL,17131,2020,6,10,0,2,366970000.0,0.0,0.0,0.0,0.0
IL,17131,2021,6,9,0,2,406815000.0,0.0,0.0,0.0,0.0
IL,17131,2022,6,9,0,2,422028000.0,0.0,0.0,0.0,0.0
IL,17131,2023,6,9,0,2,418037000.0,0.0,0.0,0.0,0.0
IL,17131,2024,6,9,0,1,410089000.0,0.0,0.0,0.0,0.0
IL,17131,2025,6,9,0,1,401093000.0,0.0,0.0,0.0,0.0
IL,17133,2019,11,20,1,2,897066000.0,39651000.0,4.42,5.0,-0.58
IL,17133,2020,11,20,1,2,1008486000.0,41724000.0,4.137,5.0,-0.863
IL,17133,2021,9,18,1,2,1113885000.0,48613000.0,4.364,5.556,-1.191
IL,17133,2022,10,19,1,2,1199425000.0,50220000.0,4.187,5.263,-1.076
IL,17133,2023,10,19,1,2,1132627000.0,73240000.0,6.466,5.263,1.203
IL,17133,2024,10,19,1,2,1152350000.0,77212000.0,6.7,5.263,1.437
IL,17133,2025,10,20,1,2,1183156000.0,78571000.0,6.641,5.0,1.641
IL,17135,2019,10,23,0,8,816480000.0,0.0,0.0,0.0,0.0
IL,17135,2020,10,23,0,8,921167000.0,0.0,0.0,0.0,0.0
IL,17135,2021,10,23,0,8,1030788000.0,0.0,0.0,0.0,0.0
IL,17135,2022,10,23,0,8,1098357000.0,0.0,0.0,0.0,0.0
IL,17135,2023,10,23,0,8,1102255000.0,0.0,0.0,0.0,0.0
IL,17135,2024,9,21,0,7,1098719000.0,0.0,0.0,0.0,0.0
IL,17135,2025,9,21,0,7,1159643000.0,0.0,0.0,0.0,0.0
IL,17137,2019,12,20,0,1,840656000.0,0.0,0.0,0.0,0.0
IL,17137,2020,12,19,0,1,899770000.0,0.0,0.0,0.0,0.0
IL,17137,2021,12,18,0,1,1009145000.0,0.0,0.0,0.0,0.0
IL,17137,2022,12,19,0,1,1053278000.0,0.0,0.0,0.0,0.0
IL,17137,2023,12,19,0,1,1005525000.0,0.0,0.0,0.0,0.0
IL,17137,2024,12,19,0,1,1010754000.0,0.0,0.0,0.0,0.0
IL,17137,2025,12,19,0,1,1037615000.0,0.0,0.0,0.0,0.0
IL,17139,2019,6,11,0,2,387606000.0,0.0,0.0,0.0,0.0
IL,17139,2020,6,11,0,2,419136000.0,0.0,0.0,0.0,0.0
IL,17139,2021,6,11,0,2,485451000.0,0.0,0.0,0.0,0.0
IL,17139,2022,6,11,0,2,560342000.0,0.0,0.0,0.0,0.0
IL,17139,2023,7,12,0,2,540516000.0,0.0,0.0,0.0,0.0
IL,17139,2024,7,12,0,2,529230000.0,0.0,0.0,0.0,0.0
IL,17139,2025,7,12,0,2,541839000.0,0.0,0.0,0.0,0.0
IL,17141,2019,10,20,0,4,1139543000.0,0.0,0.0,0.0,0.0
IL,17141,2020,11,20,0,4,1286218000.0,0.0,0.0,0.0,0.0
IL,17141,2021,11,19,0,4,1401328000.0,0.0,0.0,0.0,0.0
IL,17141,2022,11,19,0,4,1485018000.0,0.0,0.0,0.0,0.0
IL,17141,2023,11,19,0,4,1423575000.0,0.0,0.0,0.0,0.0
IL,17141,2024,11,19,0,4,1433977000.0,0.0,0.0,0.0,0.0
IL,17141,2025,11,19,0,4,1434955000.0,0.0,0.0,0.0,0.0
IL,17143,2019,20,64,3,4,3541739000.0,112652000.0,3.181,4.688,-1.507
IL,17143,2020,20,63,2,4,4315109000.0,78470000.0,1.818,3.175,-1.356
IL,17143,2021,19,58,0,4,4470515000.0,0.0,0.0,0.0,0.0
IL,17143,2022,19,53,0,4,4687452000.0,0.0,0.0,0.0,0.0
IL,17143,2023,19,52,0,4,4591517000.0,0.0,0.0,0.0,0.0
IL,17143,2024,19,51,0,4,4682769000.0,0.0,0.0,0.0,0.0
IL,17143,2025,18,46,0,4,4668820000.0,0.0,0.0,0.0,0.0
IL,17145,2019,5,7,0,3,321797000.0,0.0,0.0,0.0,0.0
IL,17145,2020,5,7,0,3,407591000.0,0.0,0.0,0.0,0.0
IL,17145,2021,5,7,0,3,463710000.0,0.0,0.0,0.0,0.0
IL,17145,2022,5,7,0,3,499161000.0,0.0,0.0,0.0,0.0
IL,17145,2023,5,7,0,3,498275000.0,0.0,0.0,0.0,0.0
IL,17145,2024,5,7,0,3,504832000.0,0.0,0.0,0.0,0.0
IL,17145,2025,5,7,0,3,510351000.0,0.0,0.0,0.0,0.0
IL,17147,2019,4,10,0,2,452664000.0,0.0,0.0,0.0,0.0
IL,17147,2020,4,10,0,2,460744000.0,0.0,0.0,0.0,0.0
IL,17147,2021,4,10,0,2,541428000.0,0.0,0.0,0.0,0.0
IL,17147,2022,4,10,0,2,617500000.0,0.0,0.0,0.0,0.0
IL,17147,2023,4,10,0,2,605629000.0,0.0,0.0,0.0,0.0
IL,17147,2024,4,10,0,2,608216000.0,0.0,0.0,0.0,0.0
IL,17147,2025,4,10,0,2,642017000.0,0.0,0.0,0.0,0.0
IL,17149,2019,10,15,0,4,515198000.0,0.0,0.0,0.0,0.0
IL,17149,2020,10,15,0,4,578703000.0,0.0,0.0,0.0,0.0
IL,17149,2021,10,15,0,4,662004000.0,0.0,0.0,0.0,0.0
IL,17149,2022,9,14,0,4,649843000.0,0.0,0.0,0.0,0.0
IL,17149,2023,9,14,0,4,617817000.0,0.0,0.0,0.0,0.0
IL,17149,2024,9,14,0,4,633633000.0,0.0,0.0,0.0,0.0
IL,17149,2025,8,13,0,3,618691000.0,0.0,0.0,0.0,0.0
IL,17151,2019,1,1,0,0,33910000.0,0.0,0.0,0.0,0.0
IL,17151,2020,1,1,0,0,38187000.0,0.0,0.0,0.0,0.0
IL,17151,2021,1,1,0,0,43043000.0,0.0,0.0,0.0,0.0
IL,17151,2022,1,1,0,0,45944000.0,0.0,0.0,0.0,0.0
IL,17151,2023,1,1,0,0,46488000.0,0.0,0.0,0.0,0.0
IL,17151,2024,1,1,0,0,47166000.0,0.0,0.0,0.0,0.0
IL,17151,2025,1,1,0,0,42442000.0,0.0,0.0,0.0,0.0
IL,17153,2019,4,6,0,2,72313000.0,0.0,0.0,0.0,0.0
IL,17153,2020,4,6,0,2,80146000.0,0.0,0.0,0.0,0.0
IL,17153,2021,4,6,0,2,83648000.0,0.0,0.0,0.0,0.0
IL,17153,2022,4,6,0,2,91569000.0,0.0,0.0,0.0,0.0
IL,17153,2023,4,6,0,2,95643000.0,0.0,0.0,0.0,0.0
IL,17153,2024,3,5,0,2,83685000.0,0.0,0.0,0.0,0.0
IL,17153,2025,3,5,0,2,84330000.0,0.0,0.0,0.0,0.0
IL,17155,2019,3,3,0,2,147442000.0,0.0,0.0,0.0,0.0
IL,17155,2020,3,3,0,2,157812000.0,0.0,0.0,0.0,0.0
IL,17155,2021,3,3,0,2,180586000.0,0.0,0.0,0.0,0.0
IL,17155,2022,3,3,0,2,191029000.0,0.0,0.0,0.0,0.0
IL,17155,2023,3,3,0,2,192937000.0,0.0,0.0,0.0,0.0
IL,17155,2024,3,3,0,2,190108000.0,0.0,0.0,0.0,0.0
IL,17155,2025,3,3,0,2,194693000.0,0.0,0.0,0.0,0.0
IL,17157,2019,8,21,0,5,781246000.0,0.0,0.0,0.0,0.0
IL,17157,2020,8,21,0,5,889256000.0,0.0,0.0,0.0,0.0
IL,17157,2021,8,21,0,5,987852000.0,0.0,0.0,0.0,0.0
IL,17157,2022,8,21,0,5,1046380000.0,0.0,0.0,0.0,0.0
IL,17157,2023,8,21,0,5,1012131000.0,0.0,0.0,0.0,0.0
IL,17157,2024,8,21,0,5,1002072000.0,0.0,0.0,0.0,0.0
IL,17157,2025,8,21,0,5,1080695000.0,0.0,0.0,0.0,0.0
IL,17159,2019,4,8,0,2,406327000.0,0.0,0.0,0.0,0.0
IL,17159,2020,4,8,0,2,452490000.0,0.0,0.0,0.0,0.0
IL,17159,2021,4,8,0,2,507561000.0,0.0,0.0,0.0,0.0
IL,17159,2022,4,7,0,2,528970000.0,0.0,0.0,0.0,0.0
IL,17159,2023,4,7,0,2,503362000.0,0.0,0.0,0.0,0.0
IL,17159,2024,4,7,0,2,584856000.0,0.0,0.0,0.0,0.0
IL,17159,2025,4,6,0,2,597504000.0,0.0,0.0,0.0,0.0
IL,17161,2019,17,49,0,1,2282734000.0,0.0,0.0,0.0,0.0
IL,17161,2020,17,47,0,1,2607521000.0,0.0,0.0,0.0,0.0
IL,17161,2021,16,45,0,1,2962248000.0,0.0,0.0,0.0,0.0
IL,17161,2022,16,44,0,1,3093907000.0,0.0,0.0,0.0,0.0
IL,17161,2023,16,43,0,1,2744557000.0,0.0,0.0,0.0,0.0
IL,17161,2024,16,43,0,1,2938563000.0,0.0,0.0,0.0,0.0
IL,17161,2025,16,44,0,1,3097822000.0,0.0,0.0,0.0,0.0
IL,17163,2019,28,85,5,4,4002653000.0,263105000.0,6.573,5.882,0.691
IL,17163,2020,27,80,5,4,4573212000.0,301256000.0,6.587,6.25,0.337
IL,17163,2021,27,75,5,4,5167737000.0,340164000.0,6.582,6.667,-0.084
IL,17163,2022,26,75,5,4,5644644000.0,454812000.0,8.057,6.667,1.391
IL,17163,2023,26,71,3,4,5496828000.0,387618000.0,7.052,4.225,2.826
IL,17163,2024,26,69,3,4,5441092000.0,420942000.0,7.736,4.348,3.389
IL,17163,2025,26,67,3,4,5824578000.0,468891000.0,8.05,4.478,3.573
IL,17165,2019,7,15,0,1,678453000.0,0.0,0.0,0.0,0.0
IL,17165,2020,7,15,0,1,765604000.0,0.0,0.0,0.0,0.0
IL,17165,2021,7,15,0,1,844428000.0,0.0,0.0,0.0,0.0
IL,17165,2022,7,15,0,1,886165000.0,0.0,0.0,0.0,0.0
IL,17165,2023,7,15,0,1,919023000.0,0.0,0.0,0.0,0.0
IL,17165,2024,7,15,0,1,924939000.0,0.0,0.0,0.0,0.0
IL,17165,2025,7,15,0,1,931293000.0,0.0,0.0,0.0,0.0
IL,17167,2019,26,80,0,7,6025903000.0,0.0,0.0,0.0,0.0
IL,17167,2020,25,77,0,7,7280813000.0,0.0,0.0,0.0,0.0
IL,17167,2021,25,77,0,7,8124172000.0,0.0,0.0,0.0,0.0
IL,17167,2022,24,75,0,7,8636595000.0,0.0,0.0,0.0,0.0
IL,17167,2023,24,76,0,7,8293857000.0,0.0,0.0,0.0,0.0
IL,17167,2024,24,75,0,7,8729789000.0,0.0,0.0,0.0,0.0
IL,17167,2025,24,75,0,7,9148244000.0,0.0,0.0,0.0,0.0
IL,17169,2019,4,4,0,1,152785000.0,0.0,0.0,0.0,0.0
IL,17169,2020,4,4,0,1,161031000.0,0.0,0.0,0.0,0.0
IL,17169,2021,4,4,0,1,177366000.0,0.0,0.0,0.0,0.0
IL,17169,2022,4,4,0,1,186084000.0,0.0,0.0,0.0,0.0
IL,17169,2023,4,4,0,1,184359000.0,0.0,0.0,0.0,0.0
IL,17169,2024,4,4,0,1,194732000.0,0.0,0.0,0.0,0.0
IL,17169,2025,4,4,0,1,202255000.0,0.0,0.0,0.0,0.0
IL,17171,2019,3,3,0,0,74801000.0,0.0,0.0,0.0,0.0
IL,17171,2020,3,3,0,0,82497000.0,0.0,0.0,0.0,0.0
IL,17171,2021,3,3,0,0,97549000.0,0.0,0.0,0.0,0.0
IL,17171,2022,3,3,0,0,105837000.0,0.0,0.0,0.0,0.0
IL,17171,2023,3,3,0,0,105784000.0,0.0,0.0,0.0,0.0
IL,17171,2024,3,3,0,0,101454000.0,0.0,0.0,0.0,0.0
IL,17171,2025,4,4,0,0,147056000.0,0.0,0.0,0.0,0.0
IL,17173,2019,9,17,0,2,475621000.0,0.0,0.0,0.0,0.0
IL,17173,2020,9,17,0,2,509187000.0,0.0,0.0,0.0,0.0
IL,17173,2021,9,17,0,2,566684000.0,0.0,0.0,0.0,0.0
IL,17173,2022,8,16,0,2,588895000.0,0.0,0.0,0.0,0.0
IL,17173,2023,8,16,0,2,591604000.0,0.0,0.0,0.0,0.0
IL,17173,2024,8,16,0,2,612450000.0,0.0,0.0,0.0,0.0
IL,17173,2025,8,16,0,2,658365000.0,0.0,0.0,0.0,0.0
IL,17175,2019,4,4,0,1,226720000.0,0.0,0.0,0.0,0.0
IL,17175,2020,4,4,0,1,239556000.0,0.0,0.0,0.0,0.0
IL,17175,2021,4,4,0,1,283849000.0,0.0,0.0,0.0,0.0
IL,17175,2022,4,4,0,1,315402000.0,0.0,0.0,0.0,0.0
IL,17175,2023,4,4,0,1,307890000.0,0.0,0.0,0.0,0.0
IL,17175,2024,4,4,0,1,315685000.0,0.0,0.0,0.0,0.0
IL,17175,2025,4,4,0,1,319198000.0,0.0,0.0,0.0,0.0
IL,17177,2019,11,21,0,5,1296757000.0,0.0,0.0,0.0,0.0
IL,17177,2020,11,21,0,5,1619132000.0,0.0,0.0,0.0,0.0
IL,17177,2021,10,19,0,5,1610181000.0,0.0,0.0,0.0,0.0
IL,17177,2022,10,19,0,5,1634261000.0,0.0,0.0,0.0,0.0
IL,17177,2023,9,17,0,4,1438976000.0,0.0,0.0,0.0,0.0
IL,17177,2024,9,17,0,4,1441384000.0,0.0,0.0,0.0,0.0
IL,17177,2025,9,18,0,4,1571661000.0,0.0,0.0,0.0,0.0
IL,17179,2019,17,47,2,4,2772071000.0,65113000.0,2.349,4.255,-1.906
IL,17179,2020,17,47,2,4,3065832000.0,71169000.0,2.321,4.255,-1.934
IL,17179,2021,16,43,0,4,3450580000.0,0.0,0.0,0.0,0.0
IL,17179,2022,16,39,0,4,3683009000.0,0.0,0.0,0.0,0.0
IL,17179,2023,18,41,0,4,3623351000.0,0.0,0.0,0.0,0.0
IL,17179,2024,18,40,0,4,3613586000.0,0.0,0.0,0.0,0.0
IL,17179,2025,17,39,0,4,3690265000.0,0.0,0.0,0.0,0.0
IL,17181,2019,6,9,0,4,331547000.0,0.0,0.0,0.0,0.0
IL,17181,2020,6,9,0,4,368943000.0,0.0,0.0,0.0,0.0
IL,17181,2021,6,9,0,4,421138000.0,0.0,0.0,0.0,0.0
IL,17181,2022,6,8,0,4,433294000.0,0.0,0.0,0.0,0.0
IL,17181,2023,6,8,0,4,411559000.0,0.0,0.0,0.0,0.0
IL,17181,2024,6,8,0,4,406493000.0,0.0,0.0,0.0,0.0
IL,17181,2025,5,7,0,4,391372000.0,0.0,0.0,0.0,0.0
IL,17183,2019,16,28,0,0,1207407000.0,0.0,0.0,0.0,0.0
IL,17183,2020,16,28,0,0,1313657000.0,0.0,0.0,0.0,0.0
IL,17183,2021,16,27,0,0,1426697000.0,0.0,0.0,0.0,0.0
IL,17183,2022,15,26,0,0,1585058000.0,0.0,0.0,0.0,0.0
IL,17183,2023,15,23,0,0,1484550000.0,0.0,0.0,0.0,0.0
IL,17183,2024,14,23,0,0,1441880000.0,0.0,0.0,0.0,0.0
IL,17183,2025,14,25,0,0,1468328000.0,0.0,0.0,0.0,0.0
IL,17185,2019,4,5,0,2,317419000.0,0.0,0.0,0.0,0.0
IL,17185,2020,4,5,0,2,350823000.0,0.0,0.0,0.0,0.0
IL,17185,2021,4,5,0,2,397873000.0,0.0,0.0,0.0,0.0
IL,17185,2022,4,5,0,2,428063000.0,0.0,0.0,0.0,0.0
IL,17185,2023,3,4,0,1,410311000.0,0.0,0.0,0.0,0.0
IL,17185,2024,3,4,0,1,430457000.0,0.0,0.0,0.0,0.0
IL,17185,2025,3,4,0,1,435239000.0,0.0,0.0,0.0,0.0
IL,17187,2019,7,9,0,3,494398000.0,0.0,0.0,0.0,0.0
IL,17187,2020,7,8,0,3,535574000.0,0.0,0.0,0.0,0.0
IL,17187,2021,7,7,0,3,644477000.0,0.0,0.0,0.0,0.0
IL,17187,2022,7,7,0,3,630543000.0,0.0,0.0,0.0,0.0
IL,17187,2023,7,7,0,3,656760000.0,0.0,0.0,0.0,0.0
IL,17187,2024,7,7,0,3,632839000.0,0.0,0.0,0.0,0.0
IL,17187,2025,7,7,0,3,628891000.0,0.0,0.0,0.0,0.0
IL,17189,2019,8,13,0,4,409367000.0,0.0,0.0,0.0,0.0
IL,17189,2020,8,13,0,4,470746000.0,0.0,0.0,0.0,0.0
IL,17189,2021,8,13,0,4,543655000.0,0.0,0.0,0.0,0.0
IL,17189,2022,8,13,0,4,592200000.0,0.0,0.0,0.0,0.0
IL,17189,2023,8,13,0,4,562488000.0,0.0,0.0,0.0,0.0
IL,17189,2024,8,13,0,4,567348000.0,0.0,0.0,0.0,0.0
IL,17189,2025,8,13,0,4,574962000.0,0.0,0.0,0.0,0.0
IL,17191,2019,6,7,0,1,478960000.0,0.0,0.0,0.0,0.0
IL,17191,2020,6,7,0,1,463356000.0,0.0,0.0,0.0,0.0
IL,17191,2021,6,7,0,1,541944000.0,0.0,0.0,0.0,0.0
IL,17191,2022,6,7,0,1,595649000.0,0.0,0.0,0.0,0.0
IL,17191,2023,6,7,0,1,553107000.0,0.0,0.0,0.0,0.0
IL,17191,2024,6,7,0,1,574261000.0,0.0,0.0,0.0,0.0
IL,17191,2025,6,7,0,1,608351000.0,0.0,0.0,0.0,0.0
IL,17193,2019,6,9,0,1,393623000.0,0.0,0.0,0.0,0.0
IL,17193,2020,6,9,0,1,442757000.0,0.0,0.0,0.0,0.0
IL,17193,2021,6,9,0,1,482968000.0,0.0,0.0,0.0,0.0
IL,17193,2022,6,9,0,1,489822000.0,0.0,0.0,0.0,0.0
IL,17193,2023,6,9,0,1,499434000.0,0.0,0.0,0.0,0.0
IL,17193,2024,6,9,0,1,483190000.0,0.0,0.0,0.0,0.0
IL,17193,2025,6,9,0,1,487183000.0,0.0,0.0,0.0,0.0
IL,17195,2019,15,30,0,4,1452109000.0,0.0,0.0,0.0,0.0
IL,17195,2020,15,30,0,4,1735315000.0,0.0,0.0,0.0,0.0
IL,17195,2021,14,28,0,4,1935759000.0,0.0,0.0,0.0,0.0
IL,17195,2022,14,28,0,4,1937472000.0,0.0,0.0,0.0,0.0
IL,17195,2023,13,28,0,4,1970355000.0,0.0,0.0,0.0,0.0
IL,17195,2024,13,28,0,4,1894329000.0,0.0,0.0,0.0,0.0
IL,17195,2025,13,28,0,4,1941154000.0,0.0,0.0,0.0,0.0
IL,17197,2019,40,189,0,6,13772608000.0,0.0,0.0,0.0,0.0
IL,17197,2020,40,184,0,6,15739720000.0,0.0,0.0,0.0,0.0
IL,17197,2021,40,178,0,6,18274816000.0,0.0,0.0,0.0,0.0
IL,17197,2022,37,169,0,6,18335766000.0,0.0,0.0,0.0,0.0
IL,17197,2023,36,164,0,5,20292557000.0,0.0,0.0,0.0,0.0
IL,17197,2024,35,159,0,5,21448540000.0,0.0,0.0,0.0,0.0
IL,17197,2025,35,159,0,5,22881377000.0,0.0,0.0,0.0,0.0
IL,17199,2019,15,42,0,5,1263611000.0,0.0,0.0,0.0,0.0
IL,17199,2020,15,43,0,5,1403539000.0,0.0,0.0,0.0,0.0
IL,17199,2021,15,42,0,5,1570802000.0,0.0,0.0,0.0,0.0
IL,17199,2022,15,42,0,5,1729794000.0,0.0,0.0,0.0,0.0
IL,17199,2023,14,42,0,5,1745040000.0,0.0,0.0,0.0,0.0
IL,17199,2024,14,42,0,5,1734325000.0,0.0,0.0,0.0,0.0
IL,17199,2025,14,42,0,5,1957430000.0,0.0,0.0,0.0,0.0
IL,17201,2019,23,79,6,1,5844733000.0,742707000.0,12.707,7.595,5.112
IL,17201,2020,22,74,6,1,6452037000.0,724926000.0,11.236,8.108,3.128
IL,17201,2021,20,68,6,1,7197671000.0,855722000.0,11.889,8.824,3.065
IL,17201,2022,21,67,6,1,7418321000.0,809069000.0,10.906,8.955,1.951
IL,17201,2023,20,64,5,1,7351566000.0,689718000.0,9.382,7.813,1.569
IL,17201,2024,19,63,5,1,7585184000.0,673288000.0,8.876,7.937,0.94
IL,17201,2025,18,62,5,1,7900365000.0,678953000.0,8.594,8.065,0.529
IL,17203,2019,5,18,0,1,732223000.0,0.0,0.0,0.0,0.0
IL,17203,2020,5,18,0,1,803972000.0,0.0,0.0,0.0,0.0
IL,17203,2021,5,18,0,1,945786000.0,0.0,0.0,0.0,0.0
IL,17203,2022,5,18,0,1,953905000.0,0.0,0.0,0.0,0.0
IL,17203,2023,5,18,0,1,909783000.0,0.0,0.0,0.0,0.0
IL,17203,2024,5,18,0,1,904969000.0,0.0,0.0,0.0,0.0
IL,17203,2025,5,18,0,1,937356000.0,0.0,0.0,0.0,0.0
WI,55001,2019,6,7,0,0,222871000.0,0.0,0.0,0.0,0.0
WI,55001,2020,5,6,0,0,226986000.0,0.0,0.0,0.0,0.0
WI,55001,2021,5,6,0,0,262967000.0,0.0,0.0,0.0,0.0
WI,55001,2022,5,6,0,0,283157000.0,0.0,0.0,0.0,0.0
WI,55001,2023,5,6,0,0,288135000.0,0.0,0.0,0.0,0.0
WI,55001,2024,5,6,0,0,283205000.0,0.0,0.0,0.0,0.0
WI,55001,2025,5,6,0,0,287704000.0,0.0,0.0,0.0,0.0
WI,55003,2019,4,9,1,1,340849000.0,61509000.0,18.046,11.111,6.935
WI,55003,2020,4,9,1,1,409168000.0,67342000.0,16.458,11.111,5.347
WI,55003,2021,4,8,1,1,450710000.0,74651000.0,16.563,12.5,4.063
WI,55003,2022,4,8,1,1,515176000.0,127316000.0,24.713,12.5,12.213
WI,55003,2023,4,8,1,1,490674000.0,114217000.0,23.278,12.5,10.778
WI,55003,2024,4,8,1,1,485112000.0,108169000.0,22.298,12.5,9.798
WI,55003,2025,4,8,1,1,475973000.0,110975000.0,23.315,12.5,10.815
WI,55005,2019,10,21,1,4,944912000.0,33339000.0,3.528,4.762,-1.234
WI,55005,2020,10,21,1,4,1076265000.0,31212000.0,2.9,4.762,-1.862
WI,55005,2021,10,20,1,4,1209534000.0,33849000.0,2.799,5.0,-2.201
WI,55005,2022,10,19,1,4,1275461000.0,33665000.0,2.639,5.263,-2.624
WI,55005,2023,9,17,1,4,1273206000.0,35977000.0,2.826,5.882,-3.057
WI,55005,2024,9,17,1,4,1309868000.0,37323000.0,2.849,5.882,-3.033
WI,55005,2025,9,16,1,4,1340513000.0,36799000.0,2.745,6.25,-3.505
WI,55007,2019,4,10,0,1,259446000.0,0.0,0.0,0.0,0.0
WI,55007,2020,4,10,0,1,316228000.0,0.0,0.0,0.0,0.0
WI,55007,2021,4,10,0,1,387334000.0,0.0,0.0,0.0,0.0
WI,55007,2022,4,10,0,1,407211000.0,0.0,0.0,0.0,0.0
WI,55007,2023,4,10,0,1,350260000.0,0.0,0.0,0.0,0.0
WI,55007,2024,4,10,0,1,338841000.0,0.0,0.0,0.0,0.0
WI,55007,2025,4,9,0,1,360519000.0,0.0,0.0,0.0,0.0
WI,55009,2019,18,69,14,4,7114445000.0,2591947000.0,36.432,20.29,16.142
WI,55009,2020,18,68,15,4,9322075000.0,3419338000.0,36.68,22.059,14.621
WI,55009,2021,18,66,15,4,9986436000.0,3931121000.0,39.365,22.727,16.637
WI,55009,2022,17,63,13,4,10097344000.0,3643597000.0,36.085,20.635,15.45
WI,55009,2023,16,59,12,4,13620725000.0,7074946000.0,51.943,20.339,31.604
WI,55009,2024,16,58,11,4,13942759000.0,7223156000.0,51.806,18.966,32.84
WI,55009,2025,16,59,11,4,14285218000.0,7378581000.0,51.652,18.644,33.008
WI,55011,2019,5,11,0,4,338668000.0,0.0,0.0,0.0,0.0
WI,55011,2020,5,11,0,4,400554000.0,0.0,0.0,0.0,0.0
WI,55011,2021,5,11,0,4,421497000.0,0.0,0.0,0.0,0.0
WI,55011,2022,5,11,0,4,442776000.0,0.0,0.0,0.0,0.0
WI,55011,2023,5,11,0,4,412911000.0,0.0,0.0,0.0,0.0
WI,55011,2024,5,10,0,4,405315000.0,0.0,0.0,0.0,0.0
WI,55011,2025,5,10,0,4,442211000.0,0.0,0.0,0.0,0.0
WI,55013,2019,3,7,0,0,269903000.0,0.0,0.0,0.0,0.0
WI,55013,2020,3,7,0,0,385677000.0,0.0,0.0,0.0,0.0
WI,55013,2021,3,7,0,0,462058000.0,0.0,0.0,0.0,0.0
WI,55013,2022,3,6,0,0,547436000.0,0.0,0.0,0.0,0.0
WI,55013,2023,3,5,0,0,487407000.0,0.0,0.0,0.0,0.0
WI,55013,2024,3,4,0,0,440421000.0,0.0,0.0,0.0,0.0
WI,55013,2025,3,4,0,0,441397000.0,0.0,0.0,0.0,0.0
WI,55015,2019,9,14,0,1,609478000.0,0.0,0.0,0.0,0.0
WI,55015,2020,8,12,0,1,679127000.0,0.0,0.0,0.0,0.0
WI,55015,2021,8,12,0,1,730313000.0,0.0,0.0,0.0,0.0
WI,55015,2022,8,12,0,1,844753000.0,0.0,0.0,0.0,0.0
WI,55015,2023,8,12,0,1,872363000.0,0.0,0.0,0.0,0.0
WI,55015,2024,8,12,0,1,891074000.0,0.0,0.0,0.0,0.0
WI,55015,2025,8,12,0,1,887108000.0,0.0,0.0,0.0,0.0
WI,55017,2019,11,22,3,3,777875000.0,70443000.0,9.056,13.636,-4.581
WI,55017,2020,11,22,3,3,881410000.0,82350000.0,9.343,13.636,-4.293
WI,55017,2021,11,21,2,3,1255087000.0,88067000.0,7.017,9.524,-2.507
WI,55017,2022,12,23,2,3,1132288000.0,91055000.0,8.042,8.696,-0.654
WI,55017,2023,13,24,2,3,1158794000.0,88299000.0,7.62,8.333,-0.713
WI,55017,2024,13,24,2,3,1164550000.0,88116000.0,7.567,8.333,-0.767
WI,55017,2025,13,24,2,3,1222543000.0,87763000.0,7.179,8.333,-1.155
WI,55019,2019,9,14,1,1,479392000.0,30176000.0,6.295,7.143,-0.848
WI,55019,2020,8,13,1,1,505823000.0,36216000.0,7.16,7.692,-0.532
WI,55019,2021,8,13,1,1,583509000.0,40083000.0,6.869,7.692,-0.823
WI,55019,2022,7,13,1,1,592071000.0,41377000.0,6.989,7.692,-0.704
WI,55019,2023,7,13,1,1,580843000.0,45010000.0,7.749,7.692,0.057
WI,55019,2024,7,12,1,1,587731000.0,45161000.0,7.684,8.333,-0.649
WI,55019,2025,6,11,0,1,576651000.0,0.0,0.0,0.0,0.0
WI,55021,2019,10,24,3,2,1353736000.0,239346000.0,17.68,12.5,5.18
WI,55021,2020,10,23,3,2,1549007000.0,257170000.0,16.602,13.043,3.559
WI,55021,2021,10,23,3,2,1662776000.0,307632000.0,18.501,13.043,5.458
WI,55021,2022,9,21,3,2,1706200000.0,306014000.0,17.935,14.286,3.65
WI,55021,2023,8,20,3,2,1685854000.0,305323000.0,18.111,15.0,3.111
WI,55021,2024,8,19,3,2,1797366000.0,306249000.0,17.039,15.789,1.249
WI,55021,2025,8,19,3,2,1953902000.0,336397000.0,17.217,15.789,1.427
WI,55023,2019,4,11,0,1,388713000.0,0.0,0.0,0.0,0.0
WI,55023,2020,5,12,0,1,450413000.0,0.0,0.0,0.0,0.0
WI,55023,2021,5,12,0,1,494578000.0,0.0,0.0,0.0,0.0
WI,55023,2022,5,12,0,1,527885000.0,0.0,0.0,0.0,0.0
WI,55023,2023,5,12,0,1,521147000.0,0.0,0.0,0.0,0.0
WI,55023,2024,5,12,0,1,512266000.0,0.0,0.0,0.0,0.0
WI,55023,2025,4,11,0,1,562378000.0,0.0,0.0,0.0,0.0
WI,55025,2019,37,165,18,14,18387011000.0,2285866000.0,12.432,10.909,1.523
WI,55025,2020,37,151,17,14,21211318000.0,2226946000.0,10.499,11.258,-0.759
WI,55025,2021,36,145,13,14,22884116000.0,1770975000.0,7.739,8.966,-1.227
WI,55025,2022,34,137,13,13,23237561000.0,1960143000.0,8.435,9.489,-1.054
WI,55025,2023,33,137,12,13,23530491000.0,2545541000.0,10.818,8.759,2.059
WI,55025,2024,32,127,11,12,24286908000.0,2563099000.0,10.553,8.661,1.892
WI,55025,2025,33,129,11,12,25520369000.0,2558816000.0,10.027,8.527,1.499
WI,55027,2019,14,32,1,6,1261523000.0,52195000.0,4.137,3.125,1.012
WI,55027,2020,14,32,1,6,1390711000.0,56928000.0,4.093,3.125,0.968
WI,55027,2021,12,30,1,6,1501380000.0,63044000.0,4.199,3.333,0.866
WI,55027,2022,12,30,1,6,1545838000.0,70578000.0,4.566,3.333,1.232
WI,55027,2023,12,30,1,6,1469028000.0,71398000.0,4.86,3.333,1.527
WI,55027,2024,12,29,1,6,1553238000.0,74539000.0,4.799,3.448,1.351
WI,55027,2025,11,25,1,5,1473624000.0,83399000.0,5.659,4.0,1.659
WI,55029,2019,4,14,3,0,801197000.0,168967000.0,21.089,21.429,-0.339
WI,55029,2020,4,14,3,0,889022000.0,170522000.0,19.181,21.429,-2.248
WI,55029,2021,4,12,3,0,1036338000.0,197865000.0,19.093,25.0,-5.907
WI,55029,2022,4,12,3,0,1114342000.0,225190000.0,20.208,25.0,-4.792
WI,55029,2023,4,12,3,0,1131085000.0,218652000.0,19.331,25.0,-5.669
WI,55029,2024,4,12,3,0,1185631000.0,223941000.0,18.888,25.0,-6.112
WI,55029,2025,5,13,3,0,1236477000.0,247418000.0,20.01,23.077,-3.067
WI,55031,2019,6,11,1,2,608156000.0,12759000.0,2.098,9.091,-6.993
WI,55031,2020,6,11,1,2,645027000.0,15399000.0,2.387,9.091,-6.704
WI,55031,2021,6,11,1,2,697791000.0,16634000.0,2.384,9.091,-6.707
WI,55031,2022,5,9,0,2,778204000.0,0.0,0.0,0.0,0.0
WI,55031,2023,5,9,0,2,797027000.0,0.0,0.0,0.0,0.0
WI,55031,2024,6,10,0,2,921864000.0,0.0,0.0,0.0,0.0
WI,55031,2025,6,10,0,2,1005497000.0,0.0,0.0,0.0,0.0
WI,55033,2019,9,16,1,0,427619000.0,22625000.0,5.291,6.25,-0.959
WI,55033,2020,9,15,1,0,458829000.0,27118000.0,5.91,6.667,-0.756
WI,55033,2021,9,15,1,0,520240000.0,30985000.0,5.956,6.667,-0.711
WI,55033,2022,8,14,1,0,517519000.0,32369000.0,6.255,7.143,-0.888
WI,55033,2023,8,14,1,0,524763000.0,40396000.0,7.698,7.143,0.555
WI,55033,2024,7,13,0,0,537708000.0,0.0,0.0,0.0,0.0
WI,55033,2025,7,13,0,0,558866000.0,0.0,0.0,0.0,0.0
WI,55035,2019,15,32,5,2,2189485000.0,247853000.0,11.32,15.625,-4.305
WI,55035,2020,16,33,5,2,2398226000.0,278527000.0,11.614,15.152,-3.538
WI,55035,2021,16,31,5,2,2644879000.0,277941000.0,10.509,16.129,-5.62
WI,55035,2022,16,30,4,2,2674455000.0,314869000.0,11.773,13.333,-1.56
WI,55035,2023,16,27,3,2,2520477000.0,286115000.0,11.352,11.111,0.241
WI,55035,2024,16,26,2,2,2489417000.0,322720000.0,12.964,7.692,5.271
WI,55035,2025,16,25,2,2,2412174000.0,324888000.0,13.469,8.0,5.469
WI,55037,2019,2,4,0,1,133823000.0,0.0,0.0,0.0,0.0
WI,55037,2020,2,4,0,1,134679000.0,0.0,0.0,0.0,0.0
WI,55037,2021,2,4,0,1,132004000.0,0.0,0.0,0.0,0.0
WI,55037,2022,1,2,0,1,102948000.0,0.0,0.0,0.0,0.0
WI,55037,2023,1,2,0,1,98788000.0,0.0,0.0,0.0,0.0
WI,55037,2024,1,2,0,1,106383000.0,0.0,0.0,0.0,0.0
WI,55037,2025,1,2,0,1,118798000.0,0.0,0.0,0.0,0.0
WI,55039,2019,11,34,2,3,2075541000.0,89790000.0,4.326,5.882,-1.556
WI,55039,2020,11,34,2,3,2345388000.0,99655000.0,4.249,5.882,-1.633
WI,55039,2021,12,35,2,3,2729021000.0,111128000.0,4.072,5.714,-1.642
WI,55039,2022,13,35,2,3,2815287000.0,112892000.0,4.01,5.714,-1.704
WI,55039,2023,12,33,2,3,2764048000.0,117937000.0,4.267,6.061,-1.794
WI,55039,2024,11,29,2,3,2830540000.0,126050000.0,4.453,6.897,-2.443
WI,55039,2025,11,29,2,3,2928653000.0,134836000.0,4.604,6.897,-2.293
WI,55041,2019,2,6,1,1,166780000.0,38663000.0,23.182,16.667,6.515
WI,55041,2020,2,6,1,1,198549000.0,37461000.0,18.867,16.667,2.201
WI,55041,2021,2,6,1,1,222625000.0,43416000.0,19.502,16.667,2.835
WI,55041,2022,2,6,1,1,234624000.0,49063000.0,20.911,16.667,4.245
WI,55041,2023,2,6,1,1,229085000.0,52184000.0,22.779,16.667,6.113
WI,55041,2024,2,6,1,1,226400000.0,49205000.0,21.734,16.667,5.067
WI,55041,2025,2,6,1,1,248469000.0,48555000.0,19.542,16.667,2.875
WI,55043,2019,10,38,0,3,1172225000.0,0.0,0.0,0.0,0.0
WI,55043,2020,11,38,0,3,1315461000.0,0.0,0.0,0.0,0.0
WI,55043,2021,11,38,0,3,1423780000.0,0.0,0.0,0.0,0.0
WI,55043,2022,11,38,0,3,1512337000.0,0.0,0.0,0.0,0.0
WI,55043,2023,11,38,0,3,1479631000.0,0.0,0.0,0.0,0.0
WI,55043,2024,10,35,0,3,1448304000.0,0.0,0.0,0.0,0.0
WI,55043,2025,10,35,0,3,1543847000.0,0.0,0.0,0.0,0.0
WI,55045,2019,8,17,1,3,957162000.0,32770000.0,3.424,5.882,-2.459
WI,55045,2020,8,16,1,3,1103682000.0,37653000.0,3.412,6.25,-2.838
WI,55045,2021,7,16,0,3,1213585000.0,0.0,0.0,0.0,0.0
WI,55045,2022,7,16,0,3,1219051000.0,0.0,0.0,0.0,0.0
WI,55045,2023,7,16,0,3,1160434000.0,0.0,0.0,0.0,0.0
WI,55045,2024,7,15,0,3,1202342000.0,0.0,0.0,0.0,0.0
WI,55045,2025,7,16,0,3,1272636000.0,0.0,0.0,0.0,0.0
WI,55047,2019,7,13,1,3,696473000.0,12971000.0,1.862,7.692,-5.83
WI,55047,2020,6,12,0,3,764269000.0,0.0,0.0,0.0,0.0
WI,55047,2021,6,13,0,3,852980000.0,0.0,0.0,0.0,0.0
WI,55047,2022,6,13,0,3,993174000.0,0.0,0.0,0.0,0.0
WI,55047,2023,6,12,0,3,1121586000.0,0.0,0.0,0.0,0.0
WI,55047,2024,6,12,0,3,1337157000.0,0.0,0.0,0.0,0.0
WI,55047,2025,6,12,0,3,1473367000.0,0.0,0.0,0.0,0.0
WI,55049,2019,7,13,0,2,452357000.0,0.0,0.0,0.0,0.0
WI,55049,2020,7,13,0,2,518707000.0,0.0,0.0,0.0,0.0
WI,55049,2021,7,13,0,2,594656000.0,0.0,0.0,0.0,0.0
WI,55049,2022,7,13,0,2,625654000.0,0.0,0.0,0.0,0.0
WI,55049,2023,6,12,0,2,575270000.0,0.0,0.0,0.0,0.0
WI,55049,2024,6,12,0,2,610611000.0,0.0,0.0,0.0,0.0
WI,55049,2025,6,11,0,2,627093000.0,0.0,0.0,0.0,0.0
WI,55051,2019,2,3,2,0,84532000.0,70972000.0,83.959,66.667,17.292
WI,55051,2020,2,3,2,0,90529000.0,72032000.0,79.568,66.667,12.901
WI,55051,2021,2,3,2,0,106764000.0,82464000.0,77.24,66.667,10.573
WI,55051,2022,2,3,2,0,111588000.0,87750000.0,78.637,66.667,11.971
WI,55051,2023,2,3,2,0,107987000.0,84141000.0,77.918,66.667,11.251
WI,55051,2024,2,3,2,0,116553000.0,93759000.0,80.443,66.667,13.777
WI,55051,2025,2,3,2,0,122730000.0,99517000.0,81.086,66.667,14.419
WI,55053,2019,4,9,0,1,261661000.0,0.0,0.0,0.0,0.0
WI,55053,2020,4,9,0,1,274165000.0,0.0,0.0,0.0,0.0
WI,55053,2021,3,6,0,1,266886000.0,0.0,0.0,0.0,0.0
WI,55053,2022,3,6,0,1,270233000.0,0.0,0.0,0.0,0.0
WI,55053,2023,3,6,0,1,230081000.0,0.0,0.0,0.0,0.0
WI,55053,2024,3,6,0,1,221682000.0,0.0,0.0,0.0,0.0
WI,55053,2025,3,6,0,1,232650000.0,0.0,0.0,0.0,0.0
WI,55055,2019,12,25,2,6,1245945000.0,96065000.0,7.71,8.0,-0.29
WI,55055,2020,12,25,2,6,1411032000.0,108570000.0,7.694,8.0,-0.306
WI,55055,2021,11,24,2,6,1586196000.0,130108000.0,8.203,8.333,-0.131
WI,55055,2022,11,24,2,6,1709199000.0,134080000.0,7.845,8.333,-0.489
WI,55055,2023,11,24,2,6,1728134000.0,138460000.0,8.012,8.333,-0.321
WI,55055,2024,11,25,2,6,1832544000.0,152063000.0,8.298,8.0,0.298
WI,55055,2025,11,25,2,6,1929957000.0,161429000.0,8.364,8.0,0.364
WI,55057,2019,6,14,0,2,419061000.0,0.0,0.0,0.0,0.0
WI,55057,2020,6,14,0,2,491764000.0,0.0,0.0,0.0,0.0
WI,55057,2021,6,14,0,2,550804000.0,0.0,0.0,0.0,0.0
WI,55057,2022,5,13,0,2,575980000.0,0.0,0.0,0.0,0.0
WI,55057,2023,5,13,0,2,558234000.0,0.0,0.0,0.0,0.0
WI,55057,2024,5,13,0,2,603242000.0,0.0,0.0,0.0,0.0
WI,55057,2025,5,13,0,2,616374000.0,0.0,0.0,0.0,0.0
WI,55059,2019,11,38,3,0,2761229000.0,77322000.0,2.8,7.895,-5.094
WI,55059,2020,11,37,3,0,2932014000.0,98584000.0,3.362,8.108,-4.746
WI,55059,2021,11,35,2,0,3130848000.0,111065000.0,3.547,5.714,-2.167
WI,55059,2022,11,35,2,0,3444427000.0,117441000.0,3.41,5.714,-2.305
WI,55059,2023,11,35,2,0,3475793000.0,127241000.0,3.661,5.714,-2.054
WI,55059,2024,11,34,2,0,3427691000.0,144507000.0,4.216,5.882,-1.666
WI,55059,2025,11,33,2,0,3619130000.0,154229000.0,4.261,6.061,-1.799
WI,55061,2019,4,12,1,1,463612000.0,23110000.0,4.985,8.333,-3.349
WI,55061,2020,3,11,1,1,491826000.0,25218000.0,5.127,9.091,-3.963
WI,55061,2021,3,9,1,1,546155000.0,25581000.0,4.684,11.111,-6.427
WI,55061,2022,2,8,0,1,542935000.0,0.0,0.0,0.0,0.0
WI,55061,2023,2,8,0,1,586130000.0,0.0,0.0,0.0,0.0
WI,55061,2024,2,8,0,1,622300000.0,0.0,0.0,0.0,0.0
WI,55061,2025,2,8,0,1,665438000.0,0.0,0.0,0.0,0.0
WI,55063,2019,14,38,5,6,2206604000.0,333307000.0,15.105,13.158,1.947
WI,55063,2020,14,37,5,6,2655509000.0,358706000.0,13.508,13.514,-0.006
WI,55063,2021,15,38,4,6,3770552000.0,742074000.0,19.681,10.526,9.154
WI,55063,2022,15,38,4,6,3539532000.0,766724000.0,21.662,10.526,11.135
WI,55063,2023,17,40,4,6,4085339000.0,418075000.0,10.234,10.0,0.234
WI,55063,2024,17,39,4,6,3630115000.0,434267000.0,11.963,10.256,1.706
WI,55063,2025,17,37,4,6,3582330000.0,454148000.0,12.677,10.811,1.867
WI,55065,2019,7,12,1,1,359134000.0,20366000.0,5.671,8.333,-2.662
WI,55065,2020,7,12,1,1,389929000.0,21549000.0,5.526,8.333,-2.807
WI,55065,2021,6,11,0,1,409708000.0,0.0,0.0,0.0,0.0
WI,55065,2022,7,12,0,1,444319000.0,0.0,0.0,0.0,0.0
WI,55065,2023,7,12,0,1,419925000.0,0.0,0.0,0.0,0.0
WI,55065,2024,7,12,0,1,455434000.0,0.0,0.0,0.0,0.0
WI,55065,2025,7,12,0,1,468157000.0,0.0,0.0,0.0,0.0
WI,55067,2019,4,6,2,0,92139000.0,11384000.0,12.355,33.333,-20.978
WI,55067,2020,4,5,1,0,104157000.0,12792000.0,12.281,20.0,-7.719
WI,55067,2021,4,5,1,0,113148000.0,15181000.0,13.417,20.0,-6.583
WI,55067,2022,4,5,1,0,120951000.0,16305000.0,13.481,20.0,-6.519
WI,55067,2023,4,5,1,0,111719000.0,14686000.0,13.145,20.0,-6.855
WI,55067,2024,5,6,1,0,119811000.0,15948000.0,13.311,16.667,-3.356
WI,55067,2025,5,7,1,0,143700000.0,19236000.0,13.386,14.286,-0.899
WI,55069,2019,5,8,2,1,408543000.0,52809000.0,12.926,25.0,-12.074
WI,55069,2020,5,8,2,1,464417000.0,56979000.0,12.269,25.0,-12.731
WI,55069,2021,5,8,2,1,515683000.0,64307000.0,12.47,25.0,-12.53
WI,55069,2022,5,8,2,1,537544000.0,72878000.0,13.558,25.0,-11.442
WI,55069,2023,5,8,2,1,532354000.0,73381000.0,13.784,25.0,-11.216
WI,55069,2024,5,8,2,1,575188000.0,79885000.0,13.889,25.0,-11.111
WI,55069,2025,5,7,1,1,572379000.0,74419000.0,13.002,14.286,-1.284
WI,55071,2019,8,19,3,3,1999374000.0,223729000.0,11.19,15.789,-4.6
WI,55071,2020,8,19,3,3,2004415000.0,241771000.0,12.062,15.789,-3.728
WI,55071,2021,8,19,3,3,2115528000.0,240571000.0,11.372,15.789,-4.418
WI,55071,2022,8,19,3,3,1945765000.0,250927000.0,12.896,15.789,-2.893
WI,55071,2023,8,18,2,3,1829999000.0,264022000.0,14.427,11.111,3.316
WI,55071,2024,8,17,2,3,1885252000.0,287461000.0,15.248,11.765,3.483
WI,55071,2025,8,16,2,3,1987876000.0,282761000.0,14.224,12.5,1.724
WI,55073,2019,19,56,4,5,3501289000.0,346594000.0,9.899,7.143,2.756
WI,55073,2020,19,54,4,5,4142497000.0,397285000.0,9.59,7.407,2.183
WI,55073,2021,19,54,4,5,4494427000.0,443310000.0,9.864,7.407,2.456
WI,55073,2022,18,50,4,5,4654229000.0,459272000.0,9.868,8.0,1.868
WI,55073,2023,17,47,3,5,4591830000.0,464645000.0,10.119,6.383,3.736
WI,55073,2024,17,45,2,5,4601322000.0,512978000.0,11.148,4.444,6.704
WI,55073,2025,17,44,2,5,5219772000.0,576608000.0,11.047,4.545,6.501
WI,55075,2019,7,18,3,3,866217000.0,139684000.0,16.126,16.667,-0.541
WI,55075,2020,7,18,3,3,957544000.0,153145000.0,15.994,16.667,-0.673
WI,55075,2021,6,17,3,3,1061747000.0,170300000.0,16.04,17.647,-1.607
WI,55075,2022,6,17,3,3,1156001000.0,173907000.0,15.044,17.647,-2.603
WI,55075,2023,6,17,3,3,1135837000.0,173920000.0,15.312,17.647,-2.335
WI,55075,2024,6,17,3,3,1164503000.0,187661000.0,16.115,17.647,-1.532
WI,55075,2025,6,17,3,3,1240266000.0,206587000.0,16.657,17.647,-0.99
WI,55077,2019,6,9,0,0,211250000.0,0.0,0.0,0.0,0.0
WI,55077,2020,6,9,0,0,238213000.0,0.0,0.0,0.0,0.0
WI,55077,2021,6,8,0,0,274750000.0,0.0,0.0,0.0,0.0
WI,55077,2022,6,8,0,0,285699000.0,0.0,0.0,0.0,0.0
WI,55077,2023,5,7,0,0,238010000.0,0.0,0.0,0.0,0.0
WI,55077,2024,5,7,0,0,244125000.0,0.0,0.0,0.0,0.0
WI,55077,2025,5,7,0,0,257593000.0,0.0,0.0,0.0,0.0
WI,55078,2021,1,1,0,0,95541000.0,0.0,0.0,0.0,0.0
WI,55078,2022,1,1,0,0,66409000.0,0.0,0.0,0.0,0.0
WI,55078,2023,1,1,0,0,69477000.0,0.0,0.0,0.0,0.0
WI,55078,2024,1,1,0,0,113640000.0,0.0,0.0,0.0,0.0
WI,55078,2025,1,1,0,0,110780000.0,0.0,0.0,0.0,0.0
WI,55079,2019,28,236,25,6,44279611000.0,4372682000.0,9.875,10.593,-0.718
WI,55079,2020,29,232,24,6,54702226000.0,4468941000.0,8.17,10.345,-2.175
WI,55079,2021,26,223,22,6,64036812000.0,4183166000.0,6.532,9.865,-3.333
WI,55079,2022,26,216,22,6,65956380000.0,4627052000.0,7.015,10.185,-3.17
WI,55079,2023,27,215,22,6,54375388000.0,4929297000.0,9.065,10.233,-1.167
WI,55079,2024,28,213,18,6,49078435000.0,5074178000.0,10.339,8.451,1.888
WI,55079,2025,28,207,18,6,52272647000.0,5710681000.0,10.925,8.696,2.229
WI,55081,2019,8,16,0,1,751442000.0,0.0,0.0,0.0,0.0
WI,55081,2020,8,17,0,1,825704000.0,0.0,0.0,0.0,0.0
WI,55081,2021,8,14,0,1,852832000.0,0.0,0.0,0.0,0.0
WI,55081,2022,8,13,0,1,916926000.0,0.0,0.0,0.0,0.0
WI,55081,2023,8,13,0,1,920509000.0,0.0,0.0,0.0,0.0
WI,55081,2024,8,13,0,1,952777000.0,0.0,0.0,0.0,0.0
WI,55081,2025,8,13,0,1,939185000.0,0.0,0.0,0.0,0.0
WI,55083,2019,6,11,2,0,306087000.0,79445000.0,25.955,18.182,7.773
WI,55083,2020,5,10,2,0,305050000.0,84935000.0,27.843,20.0,7.843
WI,55083,2021,5,10,2,0,347415000.0,95302000.0,27.432,20.0,7.432
WI,55083,2022,5,10,2,0,361355000.0,95734000.0,26.493,20.0,6.493
WI,55083,2023,5,10,2,0,356428000.0,96177000.0,26.984,20.0,6.984
WI,55083,2024,5,9,1,0,364973000.0,91862000.0,25.17,11.111,14.058
WI,55083,2025,5,9,1,0,370658000.0,91707000.0,24.742,11.111,13.631
WI,55085,2019,7,16,3,0,851362000.0,206222000.0,24.223,18.75,5.473
WI,55085,2020,7,15,3,0,958433000.0,240536000.0,25.097,20.0,5.097
WI,55085,2021,7,13,2,0,1133600000.0,304826000.0,26.89,15.385,11.505
WI,55085,2022,6,11,2,0,1071574000.0,266340000.0,24.855,18.182,6.673
WI,55085,2023,7,12,2,0,1092201000.0,264131000.0,24.183,16.667,7.517
WI,55085,2024,8,13,2,0,1139085000.0,268499000.0,23.571,15.385,8.187
WI,55085,2025,7,12,2,0,1147707000.0,278266000.0,24.245,16.667,7.579
WI,55087,2019,20,46,4,6,3248421000.0,453544000.0,13.962,8.696,5.266
WI,55087,2020,20,42,4,6,3930548000.0,487637000.0,12.406,9.524,2.883
WI,55087,2021,20,42,4,6,4175495000.0,592153000.0,14.182,9.524,4.658
WI,55087,2022,20,41,4,6,4349623000.0,642893000.0,14.78,9.756,5.024
WI,55087,2023,19,38,4,6,3987940000.0,592737000.0,14.863,10.526,4.337
WI,55087,2024,18,37,4,6,3935236000.0,566416000.0,14.393,10.811,3.583
WI,55087,2025,18,36,4,6,3962150000.0,585761000.0,14.784,11.111,3.673
WI,55089,2019,15,38,4,1,2741194000.0,280777000.0,10.243,10.526,-0.283
WI,55089,2020,15,37,4,1,3021565000.0,301703000.0,9.985,10.811,-0.826
WI,55089,2021,15,35,3,1,3364054000.0,339899000.0,10.104,8.571,1.532
WI,55089,2022,15,35,3,1,3495477000.0,345597000.0,9.887,8.571,1.316
WI,55089,2023,14,33,3,1,3157332000.0,334568000.0,10.597,9.091,1.506
WI,55089,2024,14,31,3,1,3169518000.0,350492000.0,11.058,9.677,1.381
WI,55089,2025,15,32,3,1,3258574000.0,352804000.0,10.827,9.375,1.452
WI,55091,2019,3,3,0,1,211442000.0,0.0,0.0,0.0,0.0
WI,55091,2020,3,3,0,1,250472000.0,0.0,0.0,0.0,0.0
WI,55091,2021,3,3,0,1,297205000.0,0.0,0.0,0.0,0.0
WI,55091,2022,3,3,0,1,322566000.0,0.0,0.0,0.0,0.0
WI,55091,2023,3,3,0,1,330753000.0,0.0,0.0,0.0,0.0
WI,55091,2024,3,3,0,1,346364000.0,0.0,0.0,0.0,0.0
WI,55091,2025,3,3,0,1,347424000.0,0.0,0.0,0.0,0.0
WI,55093,2019,8,13,1,3,559724000.0,62165000.0,11.106,7.692,3.414
WI,55093,2020,8,12,1,3,648501000.0,68271000.0,10.528,8.333,2.194
WI,55093,2021,8,12,1,3,729357000.0,78339000.0,10.741,8.333,2.407
WI,55093,2022,8,12,1,3,761938000.0,85771000.0,11.257,8.333,2.924
WI,55093,2023,8,12,1,3,782043000.0,87136000.0,11.142,8.333,2.809
WI,55093,2024,8,11,1,3,783658000.0,93519000.0,11.934,9.091,2.843
WI,55093,2025,8,11,1,3,775225000.0,90605000.0,11.688,9.091,2.597
WI,55095,2019,13,16,2,0,688286000.0,28136000.0,4.088,12.5,-8.412
WI,55095,2020,12,14,1,0,719242000.0,22837000.0,3.175,7.143,-3.968
WI,55095,2021,11,13,0,0,793089000.0,0.0,0.0,0.0,0.0
WI,55095,2022,11,13,0,0,872412000.0,0.0,0.0,0.0,0.0
WI,55095,2023,11,13,0,0,804458000.0,0.0,0.0,0.0,0.0
WI,55095,2024,11,13,0,0,809645000.0,0.0,0.0,0.0,0.0
WI,55095,2025,11,14,0,0,807228000.0,0.0,0.0,0.0,0.0
WI,55097,2019,14,25,4,4,1730719000.0,211308000.0,12.209,16.0,-3.791
WI,55097,2020,14,24,4,4,2082213000.0,218099000.0,10.474,16.667,-6.192
WI,55097,2021,14,24,4,4,2225282000.0,243695000.0,10.951,16.667,-5.715
WI,55097,2022,14,24,4,4,2157048000.0,248937000.0,11.541,16.667,-5.126
WI,55097,2023,14,24,4,4,2088500000.0,250453000.0,11.992,16.667,-4.675
WI,55097,2024,15,23,4,4,2120372000.0,260984000.0,12.308,17.391,-5.083
WI,55097,2025,15,23,4,4,1567130000.0,270723000.0,17.275,17.391,-0.116
WI,55099,2019,4,6,1,0,249366000.0,16763000.0,6.722,16.667,-9.944
WI,55099,2020,4,6,1,0,270856000.0,23450000.0,8.658,16.667,-8.009
WI,55099,2021,4,6,1,0,294157000.0,22497000.0,7.648,16.667,-9.019
WI,55099,2022,4,5,1,0,286805000.0,24881000.0,8.675,20.0,-11.325
WI,55099,2023,4,5,1,0,272734000.0,25556000.0,9.37,20.0,-10.63
WI,55099,2024,4,5,1,0,270818000.0,27520000.0,10.162,20.0,-9.838
WI,55099,2025,4,5,1,0,278614000.0,33971000.0,12.193,20.0,-7.807
WI,55101,2019,14,50,4,2,3628546000.0,155775000.0,4.293,8.0,-3.707
WI,55101,2020,14,48,4,2,5710539000.0,178225000.0,3.121,8.333,-5.212
WI,55101,2021,14,46,4,2,5699686000.0,205884000.0,3.612,8.696,-5.083
WI,55101,2022,14,41,3,2,4411137000.0,211064000.0,4.785,7.317,-2.532
WI,55101,2023,13,39,3,2,4439305000.0,222206000.0,5.005,7.692,-2.687
WI,55101,2024,13,38,3,2,4420774000.0,240963000.0,5.451,7.895,-2.444
WI,55101,2025,13,38,3,2,4674182000.0,260703000.0,5.578,7.895,-2.317
WI,55103,2019,6,9,0,1,265163000.0,0.0,0.0,0.0,0.0
WI,55103,2020,5,7,0,1,247014000.0,0.0,0.0,0.0,0.0
WI,55103,2021,5,7,0,1,281594000.0,0.0,0.0,0.0,0.0
WI,55103,2022,5,7,0,1,308901000.0,0.0,0.0,0.0,0.0
WI,55103,2023,5,7,0,1,289785000.0,0.0,0.0,0.0,0.0
WI,55103,2024,5,7,0,1,285999000.0,0.0,0.0,0.0,0.0
WI,55103,2025,5,7,0,1,269771000.0,0.0,0.0,0.0,0.0
WI,55105,2019,17,36,2,3,2787287000.0,502151000.0,18.016,5.556,12.46
WI,55105,2020,17,34,2,3,2888192000.0,405550000.0,14.042,5.882,8.159
WI,55105,2021,17,33,2,3,3072947000.0,344729000.0,11.218,6.061,5.158
WI,55105,2022,17,32,2,3,3166977000.0,346889000.0,10.953,6.25,4.703
WI,55105,2023,17,32,2,3,3178228000.0,333568000.0,10.495,6.25,4.245
WI,55105,2024,17,32,2,3,3289921000.0,366983000.0,11.155,6.25,4.905
WI,55105,2025,18,35,2,3,3499424000.0,380368000.0,10.869,5.714,5.155
WI,55107,2019,5,6,0,1,284192000.0,0.0,0.0,0.0,0.0
WI,55107,2020,5,6,0,1,346992000.0,0.0,0.0,0.0,0.0
WI,55107,2021,5,6,0,1,377377000.0,0.0,0.0,0.0,0.0
WI,55107,2022,5,6,0,1,350575000.0,0.0,0.0,0.0,0.0
WI,55107,2023,4,5,0,1,275234000.0,0.0,0.0,0.0,0.0
WI,55107,2024,5,5,0,1,378524000.0,0.0,0.0,0.0,0.0
WI,55107,2025,5,5,0,1,396203000.0,0.0,0.0,0.0,0.0
WI,55109,2019,13,24,5,3,1247173000.0,262449000.0,21.044,20.833,0.21
WI,55109,2020,13,24,5,3,1548825000.0,301358000.0,19.457,20.833,-1.376
WI,55109,2021,13,24,5,3,1833486000.0,342683000.0,18.69,20.833,-2.143
WI,55109,2022,13,22,3,3,1948071000.0,355055000.0,18.226,13.636,4.59
WI,55109,2023,13,22,3,3,1931198000.0,361594000.0,18.724,13.636,5.087
WI,55109,2024,14,23,3,3,2084660000.0,364984000.0,17.508,13.043,4.465
WI,55109,2025,14,22,3,3,2112029000.0,357837000.0,16.943,13.636,3.306
WI,55111,2019,13,28,1,2,1505454000.0,66692000.0,4.43,3.571,0.859
WI,55111,2020,13,27,1,2,1813380000.0,77293000.0,4.262,3.704,0.559
WI,55111,2021,13,27,1,2,2159522000.0,86637000.0,4.012,3.704,0.308
WI,55111,2022,13,26,1,2,2285305000.0,92036000.0,4.027,3.846,0.181
WI,55111,2023,13,26,1,2,2205136000.0,83493000.0,3.786,3.846,-0.06
WI,55111,2024,13,25,1,2,2152457000.0,90312000.0,4.196,4.0,0.196
WI,55111,2025,13,25,1,2,2177794000.0,94372000.0,4.333,4.0,0.333
WI,55113,2019,5,7,1,1,402719000.0,50948000.0,12.651,14.286,-1.635
WI,55113,2020,5,7,1,1,504234000.0,56492000.0,11.204,14.286,-3.082
WI,55113,2021,5,8,1,1,597224000.0,63948000.0,10.708,12.5,-1.792
WI,55113,2022,5,8,1,1,572680000.0,70002000.0,12.224,12.5,-0.276
WI,55113,2023,5,8,1,1,438335000.0,66265000.0,15.117,12.5,2.617
WI,55113,2024,5,8,1,1,560641000.0,68785000.0,12.269,12.5,-0.231
WI,55113,2025,5,8,1,1,599001000.0,74792000.0,12.486,12.5,-0.014
WI,55115,2019,9,17,2,4,573269000.0,194033000.0,33.847,11.765,22.082
WI,55115,2020,9,15,2,4,656035000.0,234486000.0,35.743,13.333,22.41
WI,55115,2021,9,15,2,4,659343000.0,167110000.0,25.345,13.333,12.012
WI,55115,2022,8,14,2,4,711996000.0,170410000.0,23.934,14.286,9.648
WI,55115,2023,8,14,2,4,711951000.0,157329000.0,22.098,14.286,7.813
WI,55115,2024,8,14,2,4,787246000.0,166238000.0,21.116,14.286,6.831
WI,55115,2025,8,14,2,4,814051000.0,172406000.0,21.179,14.286,6.893
WI,55117,2019,14,37,1,2,2158573000.0,189091000.0,8.76,2.703,6.057
WI,55117,2020,16,37,1,2,2531445000.0,229515000.0,9.067,2.703,6.364
WI,55117,2021,16,35,1,2,2828151000.0,264078000.0,9.337,2.857,6.48
WI,55117,2022,15,33,1,2,2937848000.0,272311000.0,9.269,3.03,6.239
WI,55117,2023,14,32,1,2,2749476000.0,264177000.0,9.608,3.125,6.483
WI,55117,2024,13,28,1,2,2803465000.0,280012000.0,9.988,3.571,6.417
WI,55117,2025,13,29,1,2,2916935000.0,270156000.0,9.262,3.448,5.813
WI,55119,2019,5,6,1,1,446792000.0,27172000.0,6.082,16.667,-10.585
WI,55119,2020,5,6,1,1,461097000.0,28548000.0,6.191,16.667,-10.475
WI,55119,2021,5,6,1,1,499573000.0,32516000.0,6.509,16.667,-10.158
WI,55119,2022,5,5,1,1,523542000.0,32281000.0,6.166,20.0,-13.834
WI,55119,2023,5,6,1,1,504543000.0,34270000.0,6.792,16.667,-9.874
WI,55119,2024,5,6,1,1,520392000.0,34389000.0,6.608,16.667,-10.058
WI,55119,2025,5,6,1,1,585808000.0,39979000.0,6.825,16.667,-9.842
WI,55121,2019,7,18,0,2,549276000.0,0.0,0.0,0.0,0.0
WI,55121,2020,7,18,0,2,615083000.0,0.0,0.0,0.0,0.0
WI,55121,2021,7,17,0,2,653536000.0,0.0,0.0,0.0,0.0
WI,55121,2022,7,16,0,2,664351000.0,0.0,0.0,0.0,0.0
WI,55121,2023,7,16,0,2,616049000.0,0.0,0.0,0.0,0.0
WI,55121,2024,7,15,0,2,624493000.0,0.0,0.0,0.0,0.0
WI,55121,2025,7,15,0,2,635946000.0,0.0,0.0,0.0,0.0
WI,55123,2019,7,13,1,3,465848000.0,27151000.0,5.828,7.692,-1.864
WI,55123,2020,7,13,1,3,539900000.0,33407000.0,6.188,7.692,-1.505
WI,55123,2021,7,15,1,3,584570000.0,40054000.0,6.852,6.667,0.185
WI,55123,2022,7,14,1,3,604864000.0,39732000.0,6.569,7.143,-0.574
WI,55123,2023,7,14,1,3,574302000.0,41725000.0,7.265,7.143,0.122
WI,55123,2024,7,14,1,3,598344000.0,38998000.0,6.518,7.143,-0.625
WI,55123,2025,7,14,1,3,649011000.0,42553000.0,6.557,7.143,-0.586
WI,55125,2019,10,14,3,1,514473000.0,88394000.0,17.181,21.429,-4.247
WI,55125,2020,10,14,3,1,584113000.0,100123000.0,17.141,21.429,-4.288
WI,55125,2021,10,14,3,1,685062000.0,119336000.0,17.42,21.429,-4.009
WI,55125,2022,9,12,3,1,790788000.0,131858000.0,16.674,25.0,-8.326
WI,55125,2023,9,12,3,1,751611000.0,123917000.0,16.487,25.0,-8.513
WI,55125,2024,10,12,2,1,768158000.0,124392000.0,16.194,16.667,-0.473
WI,55125,2025,11,13,2,1,830728000.0,129780000.0,15.622,15.385,0.238
WI,55127,2019,14,34,4,1,1637022000.0,238124000.0,14.546,11.765,2.781
WI,55127,2020,14,34,4,1,1909905000.0,242919000.0,12.719,11.765,0.954
WI,55127,2021,14,32,3,1,2156053000.0,259656000.0,12.043,9.375,2.668
WI,55127,2022,14,32,3,1,2331602000.0,279245000.0,11.977,9.375,2.602
WI,55127,2023,14,32,3,1,2292042000.0,282450000.0,12.323,9.375,2.948
WI,55127,2024,14,32,3,1,2278539000.0,278236000.0,12.211,9.375,2.836
WI,55127,2025,14,32,3,1,2413969000.0,262650000.0,10.88,9.375,1.505
WI,55129,2019,5,7,0,1,324015000.0,0.0,0.0,0.0,0.0
WI,55129,2020,5,7,0,1,347605000.0,0.0,0.0,0.0,0.0
WI,55129,2021,5,7,0,1,391080000.0,0.0,0.0,0.0,0.0
WI,55129,2022,5,7,0,1,423174000.0,0.0,0.0,0.0,0.0
WI,55129,2023,5,7,0,1,423007000.0,0.0,0.0,0.0,0.0
WI,55129,2024,5,7,0,1,436366000.0,0.0,0.0,0.0,0.0
WI,55129,2025,5,7,0,1,458077000.0,0.0,0.0,0.0,0.0
WI,55131,2019,14,37,4,3,2876214000.0,234312000.0,8.147,10.811,-2.664
WI,55131,2020,14,39,4,3,3425427000.0,294288000.0,8.591,10.256,-1.665
WI,55131,2021,16,39,4,3,3788213000.0,328538000.0,8.673,10.256,-1.584
WI,55131,2022,16,39,4,3,4013982000.0,348313000.0,8.677,10.256,-1.579
WI,55131,2023,13,35,4,2,3418905000.0,369441000.0,10.806,11.429,-0.623
WI,55131,2024,13,35,4,2,3512047000.0,390602000.0,11.122,11.429,-0.307
WI,55131,2025,13,36,3,2,3660609000.0,398709000.0,10.892,8.333,2.559
WI,55133,2019,33,175,17,9,13184169000.0,1152793000.0,8.744,9.714,-0.971
WI,55133,2020,34,164,15,9,15255203000.0,1261300000.0,8.268,9.146,-0.878
WI,55133,2021,34,159,14,9,16549494000.0,1458400000.0,8.812,8.805,0.007
WI,55133,2022,35,157,13,9,17364300000.0,1515265000.0,8.726,8.28,0.446
WI,55133,2023,33,150,13,9,17069338000.0,1541684000.0,9.032,8.667,0.365
WI,55133,2024,34,151,13,9,17827246000.0,1594152000.0,8.942,8.609,0.333
WI,55133,2025,34,148,13,9,18105742000.0,1634491000.0,9.027,8.784,0.244
WI,55135,2019,8,21,1,2,846968000.0,35153000.0,4.15,4.762,-0.611
WI,55135,2020,7,19,1,2,889162000.0,46594000.0,5.24,5.263,-0.023
WI,55135,2021,7,18,1,2,966647000.0,48163000.0,4.982,5.556,-0.573
WI,55135,2022,6,16,1,2,973736000.0,53167000.0,5.46,6.25,-0.79
WI,55135,2023,6,17,1,2,932563000.0,52261000.0,5.604,5.882,-0.278
WI,55135,2024,6,16,1,2,941848000.0,51694000.0,5.489,6.25,-0.761
WI,55135,2025,6,16,1,2,947196000.0,53165000.0,5.613,6.25,-0.637
WI,55137,2019,9,10,1,0,278354000.0,40813000.0,14.662,10.0,4.662
WI,55137,2020,8,8,1,0,314273000.0,52071000.0,16.569,12.5,4.069
WI,55137,2021,8,8,1,0,343967000.0,56444000.0,16.41,12.5,3.91
WI,55137,2022,8,8,1,0,355937000.0,59662000.0,16.762,12.5,4.262
WI,55137,2023,7,7,1,0,397310000.0,59671000.0,15.019,14.286,0.733
WI,55137,2024,7,7,1,0,414591000.0,61669000.0,14.875,14.286,0.589
WI,55137,2025,6,6,1,0,407485000.0,71281000.0,17.493,16.667,0.826
WI,55139,2019,16,36,8,1,2413431000.0,600892000.0,24.898,22.222,2.676
WI,55139,2020,16,33,8,1,2507900000.0,595788000.0,23.756,24.242,-0.486
WI,55139,2021,16,31,7,1,2687573000.0,655383000.0,24.386,22.581,1.805
WI,55139,2022,16,31,6,1,2793483000.0,681950000.0,24.412,19.355,5.057
WI,55139,2023,16,30,5,1,2759611000.0,668099000.0,24.21,16.667,7.543
WI,55139,2024,16,29,5,1,2741182000.0,642548000.0,23.441,17.241,6.199
WI,55139,2025,16,29,5,1,2574617000.0,544298000.0,21.141,17.241,3.9
WI,55141,2019,13,28,4,6,1911708000.0,340376000.0,17.805,14.286,3.519
WI,55141,2020,13,27,4,6,2275937000.0,453974000.0,19.947,14.815,5.132
WI,55141,2021,13,27,4,6,2391137000.0,418975000.0,17.522,14.815,2.707
WI,55141,2022,13,25,4,6,2660781000.0,534538000.0,20.09,16.0,4.09
WI,55141,2023,13,24,3,6,2695971000.0,670595000.0,24.874,12.5,12.374
WI,55141,2024,13,23,3,6,2522989000.0,460345000.0,18.246,13.043,5.203
WI,55141,2025,13,23,3,6,2589070000.0,464093000.0,17.925,13.043,4.882
